OBJECTID;ULAND;UREGBEZ;UKREIS;UGEMEINDE;UJAHR;UMONAT;USTUNDE;UWOCHENTAG;UKATEGORIE;UART;UTYP1;ULICHTVERH;IstRad;IstPKW;IstFuss;IstKrad;IstGkfz;IstSonstige;LINREFX;LINREFY;XGCSWGS84;YGCSWGS84;STRZUSTAND
111488;5;3;15;0;2019;6;17;3;3;6;4;0;1;0;1;0;0;0;355246,3129;5644414,017;6,939955215;50,93317003;0
111567;5;3;15;0;2019;6;6;3;3;3;6;0;0;1;0;0;0;0;361237,7131;5649306,463;7,023300544;50,97861215;0
111570;5;3;15;0;2019;6;15;3;3;9;1;0;0;0;0;1;0;0;349244,4861;5649553,66;6,852475123;50,97781867;0
111619;5;3;15;0;2019;6;17;2;3;5;2;0;0;1;0;0;0;0;366947,0538;5642150,244;7,107197509;50,91564205;0
111620;5;3;15;0;2019;6;15;2;3;5;2;0;1;1;0;0;0;0;365078,651;5638520,794;7,081974579;50,88258819;0
111622;5;3;15;0;2019;6;15;2;3;4;6;0;0;1;0;0;0;1;364004,3536;5638531,528;7,066707758;50,8824328;0
111623;5;3;15;0;2019;6;6;2;3;6;4;0;0;1;1;0;0;0;358703,3726;5644166,607;6,98921707;50,93180386;0
111624;5;3;15;0;2019;6;7;2;3;2;6;0;0;1;0;0;0;0;361325,6278;5646164,196;7,025749882;50,95039312;0
111625;5;3;15;0;2019;6;8;2;3;6;7;0;1;0;1;0;0;0;357928,1802;5644887,672;6,977911571;50,93809364;0
111626;5;3;15;0;2019;6;10;2;3;5;2;0;1;1;0;0;0;0;359572,4874;5646860,3;7,000538767;50,95622463;0
111628;5;3;15;0;2019;6;10;2;3;0;1;0;1;0;0;0;0;0;359576,9458;5650620,156;6,999150245;50,99001575;0
111630;5;3;15;0;2019;6;8;2;3;5;3;0;1;1;0;0;0;0;357706,636;5646906,903;6,973971481;50,95618576;0
111631;5;3;15;0;2019;6;7;2;3;2;2;0;0;1;0;0;0;0;347544,343;5647369,145;6,829190523;50,95774083;0
111632;5;3;15;0;2019;6;17;2;3;5;5;0;1;1;0;0;0;0;348239,9041;5645169,109;6,84000389;50,9381545;0
111633;5;3;15;0;2019;6;7;2;3;5;3;0;0;1;0;0;0;1;352254,655;5647433,01;6,896185401;50,95954169;0
111634;5;3;15;0;2019;6;21;2;3;5;7;2;1;1;0;0;0;0;354732,8914;5644533,472;6,93260598;50,93411446;0
111759;5;3;15;0;2019;6;8;4;3;2;1;0;0;1;0;0;0;0;354425,708;5644830,865;6,928118498;50,93670959;0
111788;5;3;15;0;2019;6;16;6;3;5;3;0;0;1;0;1;0;0;347560,8723;5647605,794;6,829326579;50,95987175;0
111789;5;3;15;0;2019;6;12;6;2;2;6;0;0;1;0;1;0;0;353515,3518;5646170,197;6,914632432;50,94851515;0
111790;5;3;15;0;2019;6;10;6;3;2;6;0;0;1;0;0;0;0;354191,8704;5644969,846;6,924737129;50,9378995;0
111791;5;3;15;0;2019;6;17;6;3;4;6;0;1;0;0;0;0;0;354573,982;5644817,487;6,930232669;50,93662678;0
111792;5;3;15;0;2019;6;9;6;2;5;3;0;1;1;0;0;0;0;357206,881;5641145,815;6,969117345;50,90428755;0
111793;5;3;15;0;2019;6;23;6;3;0;1;2;1;0;0;0;0;0;354604,9855;5645913,943;6,930235995;50,94648814;0
111794;5;3;15;0;2019;6;8;6;3;0;7;0;0;0;0;0;0;1;356871,7062;5645468,372;6,962656903;50,94305108;0
111795;5;3;15;0;2019;6;12;6;3;5;2;0;1;1;0;0;0;0;355189,6409;5644665,999;6,939049125;50,93542032;0
111887;5;3;15;0;2019;6;14;1;2;4;2;0;1;1;0;0;0;0;356855,092;5654625,209;6,958813627;51,02533783;0
111889;5;3;15;0;2019;6;10;1;3;4;7;0;0;1;0;0;0;0;353944,0785;5644373,098;6,921451999;50,93247401;0
111893;5;3;15;0;2019;6;14;5;3;2;6;0;0;1;0;0;0;1;367000,121;5642333,594;7,107885152;50,91730219;0
111895;5;3;15;0;2019;6;22;5;3;2;6;2;0;1;0;0;0;0;366012,747;5635844,899;7,096225983;50,85875534;0
111898;5;3;15;0;2019;6;15;5;3;4;6;0;0;1;0;0;0;0;361018,5067;5647752,641;7,020773731;50,96459481;1
111900;5;3;15;0;2019;6;13;5;3;8;7;0;0;1;0;0;0;0;352547,7077;5656970,383;6,896481425;51,0453238;0
111902;5;3;15;0;2019;6;22;5;2;5;2;2;1;1;0;0;0;0;352388,4829;5647327,834;6,898132327;50,95863082;0
111904;5;3;15;0;2019;6;16;5;2;1;7;0;0;1;0;1;0;0;355367,9861;5645606,892;6,941212071;50,94392067;1
111965;5;3;15;0;2019;6;12;1;3;2;6;0;0;1;0;0;0;0;375089,548;5624404,97;7,22901969;50,7579597;0
111966;5;3;15;0;2019;6;12;1;3;2;6;0;0;1;0;0;0;1;362488,1429;5645117,989;7,04268479;50,94126903;0
111989;5;3;15;0;2019;6;8;4;3;0;1;0;1;0;0;0;0;0;357103,0355;5643259,027;6,966813756;50,92325323;0
112001;5;3;15;0;2019;6;21;4;3;0;1;1;1;0;0;0;0;0;355081,0954;5644788,082;6,937456816;50,93649019;1
112025;5;3;15;0;2019;6;17;7;3;1;5;0;1;0;0;1;0;0;367675,1814;5639277,501;7,118591052;50,88998985;0
112027;5;3;15;0;2019;6;13;7;3;6;4;0;0;1;1;0;0;0;365096,745;5638461,324;7,082253597;50,88205792;0
112028;5;3;15;0;2019;6;20;7;3;5;3;0;0;1;0;0;0;0;359948,8097;5649024,825;7,005060179;50,97576901;0
112029;5;3;15;0;2019;6;20;7;3;0;5;0;1;1;0;0;0;0;353354,7583;5645716,403;6,91253056;50,94439625;0
112030;5;3;15;0;2019;6;20;7;2;6;4;0;0;1;1;0;0;0;357422,748;5636713,786;6,973914483;50,86451005;0
112032;5;3;15;0;2019;6;10;7;3;0;6;0;0;0;0;1;0;0;357574,8654;5636725,651;6,976070077;50,86465417;0
112035;5;3;15;0;2019;6;17;7;3;9;6;0;1;1;0;0;0;0;353448,265;5644117,282;6,914503832;50,93004931;0
112037;5;3;15;0;2019;6;17;7;3;2;6;0;0;1;0;0;0;0;356871,116;5644591,718;6,962992902;50,93517253;0
112102;5;3;15;0;2019;6;23;4;3;1;6;2;0;1;0;0;0;0;365302,0487;5635709,422;7,0861838;50,85737261;1
112105;5;3;15;0;2019;6;8;4;3;0;2;0;1;1;0;0;0;0;358286,7426;5643025,904;6,983735335;50,9214501;0
112107;5;3;15;0;2019;6;10;4;3;2;6;0;0;1;0;0;0;0;359738,3262;5647293,551;7,002731534;50,96015868;0
112111;5;3;15;0;2019;6;18;4;2;2;1;0;0;1;0;1;0;0;353564,29;5652470,591;6,91279089;51,00514653;0
112113;5;3;15;0;2019;6;11;4;3;5;1;0;1;1;0;0;0;0;353905,6806;5646143,545;6,920195957;50,9483747;0
112115;5;3;15;0;2019;6;23;3;3;1;7;2;0;1;0;1;0;0;353985,6761;5636529,772;6,925179419;50,86199854;0
112116;5;3;15;0;2019;6;22;3;3;3;6;2;1;1;0;0;0;0;354037,2195;5642153,295;6,923665043;50,91254887;0
112117;5;3;15;0;2019;6;16;3;3;3;6;0;1;1;0;0;0;0;353901,5791;5641891,39;6,921841759;50,91016088;0
112192;5;3;15;0;2019;6;21;3;2;9;1;2;0;1;0;0;0;0;360673,0137;5649994,654;7,014997614;50,98466065;0
112193;5;3;15;0;2019;6;15;3;3;1;6;0;0;1;0;0;0;0;354393,1714;5647530,905;6,926576077;50,9609658;0
112246;5;3;15;0;2019;6;16;5;3;2;6;0;0;1;0;0;0;1;349878,4273;5654179,078;6,859586583;51,01954933;0
112272;5;3;15;0;2019;6;17;2;3;5;2;0;0;1;0;0;0;0;358171,356;5644790,58;6,981408153;50,93728093;0
112275;5;3;15;0;2019;6;13;2;3;4;2;0;0;1;0;1;0;0;357698,0428;5643827,636;6,975052136;50,92851037;0
112277;5;3;15;0;2019;6;8;2;3;5;7;0;1;0;0;0;0;0;359823,73;5647484,24;7,0038734;50,9618932;0
112279;5;3;15;0;2019;6;10;2;3;3;2;0;0;0;0;1;1;0;360584,7517;5647625,206;7,014649448;50,96334474;0
112281;5;3;15;0;2019;6;15;2;3;0;7;0;0;0;1;0;0;1;353820,7673;5646568,66;6,918817308;50,95217353;0
112285;5;3;15;0;2019;6;17;2;3;5;2;0;1;1;0;0;0;0;353210,9119;5645208,167;6,910689185;50,93979232;0
112287;5;3;15;0;2019;6;7;2;3;2;6;0;1;1;0;0;0;0;357681,619;5640076,55;6,976281563;50,89479524;0
112290;5;3;15;0;2019;6;17;2;3;3;6;0;1;1;0;0;0;0;355476,5918;5644699,26;6,943117022;50,9357912;0
112323;5;3;15;0;2019;6;17;4;3;5;2;0;1;1;0;0;0;0;362416,813;5636750,916;7,044823436;50,86605379;0
112324;5;3;15;0;2019;6;8;4;3;5;2;0;1;1;0;0;0;0;358232,352;5645443,88;6,982021484;50,94316714;0
112326;5;3;15;0;2019;6;10;4;3;5;5;0;1;1;0;0;0;0;356307,23;5647902,597;6,953666536;50,96478665;0
112328;5;3;15;0;2019;6;20;4;2;0;1;0;1;0;0;0;0;0;353577,5029;5644192,438;6,916311453;50,93075754;0
112330;5;3;15;0;2019;6;13;4;3;0;1;0;1;0;0;0;0;0;355201,528;5651611,63;6,936453433;50,99784176;0
112332;5;3;15;0;2019;6;13;4;3;5;2;0;1;0;0;0;0;1;354191,129;5644819,757;6,924786644;50,93655051;0
112333;5;3;15;0;2019;6;13;4;3;2;6;0;0;1;0;0;0;0;354191,8351;5644854,174;6,924782914;50,93685998;0
112335;5;3;15;0;2019;6;16;4;2;0;1;0;0;0;0;1;0;0;357136,4271;5646229,275;6,966124009;50,9499549;0
112338;5;3;15;0;2019;6;13;4;3;6;4;0;0;1;1;0;0;0;355340,4354;5643966,718;6,941471303;50,92917386;0
112448;5;3;15;0;2019;6;8;4;3;3;6;0;0;1;0;0;1;0;352818,4637;5652123,256;6,902308751;51,00183488;0
112522;5;3;15;0;2019;6;8;3;3;5;2;0;1;0;0;0;0;1;362970,1806;5645281,556;7,049480225;50,94285383;0
112523;5;3;15;0;2019;6;8;3;2;5;3;0;1;1;0;0;0;0;362400,3;5645121,697;7,041433832;50,9412814;0
112524;5;3;15;0;2019;6;16;3;3;2;2;0;0;1;0;1;0;0;359772,8786;5644842,975;7,004166965;50,93814348;0
112526;5;3;15;0;2019;6;14;3;3;2;6;0;0;1;0;0;0;0;361820,6535;5647987,528;7,032100602;50,96689876;0
112537;5;3;15;0;2019;6;11;7;3;2;6;0;0;1;0;0;0;1;361912,7551;5642555,092;7,035470837;50,91809795;0
112538;5;3;15;0;2019;6;20;7;3;6;6;0;0;1;1;0;0;0;354836,5455;5653910,501;6,930336071;51,01840888;0
112587;5;3;15;0;2019;6;22;6;3;3;5;2;0;1;0;1;0;0;360876,1222;5645046,632;7,019781442;50,94024102;0
112588;5;3;15;0;2019;6;15;6;3;4;7;0;0;1;0;1;0;0;362306,6635;5643878,506;7,040571617;50,93008607;0
112589;5;3;15;0;2019;6;23;6;3;6;4;2;0;0;1;0;0;1;357631,8804;5643889,247;6,974087218;50,92904774;0
112590;5;3;15;0;2019;6;19;6;3;2;6;0;0;1;0;0;0;0;357241,5746;5644723,458;6,968210101;50,93644829;0
112591;5;3;15;0;2019;6;17;6;2;0;7;0;0;1;0;0;0;1;357441,5162;5644251,321;6,971238523;50,93225467;0
112592;5;3;15;0;2019;6;14;6;3;2;6;0;0;1;0;0;1;0;358264,1528;5647736,907;6,981581067;50,96378238;0
112593;5;3;15;0;2019;6;14;6;3;1;6;0;0;1;0;0;1;0;348615,3584;5649899,525;6,843375885;50,98076162;0
112594;5;3;15;0;2019;6;11;6;3;0;1;0;1;0;0;0;0;0;354156,5304;5645967,184;6,923835186;50,94685332;0
112595;5;3;15;0;2019;6;16;6;3;2;6;0;0;1;0;0;0;0;347798,2511;5645207,747;6,833706516;50,93838531;0
112596;5;3;15;0;2019;6;11;6;2;5;3;0;1;1;0;0;0;0;356838,2115;5644057,302;6,96273484;50,93036161;0
112597;5;3;15;0;2019;6;10;6;3;3;2;0;0;1;0;0;0;1;355534,5173;5644699,254;6,943940863;50,93580566;0
112598;5;3;15;0;2019;6;17;6;2;3;2;0;1;1;0;0;0;0;356083,857;5644640,775;6,951776909;50,93541748;0
112599;5;3;15;0;2019;6;11;6;2;0;1;0;1;0;0;0;0;0;355093,6636;5644661,085;6,937686069;50,93535205;0
112654;5;3;15;0;2019;6;12;1;3;2;6;0;0;1;0;0;0;0;359586,4603;5650552,75;6,99931178;50,98941229;0
112657;5;3;15;0;2019;6;23;1;3;6;4;2;1;0;1;0;0;0;355204,9041;5644897,812;6,939174088;50,9375074;0
112659;5;3;15;0;2019;6;17;1;3;5;3;0;0;1;0;0;0;0;354732,8817;5644533,086;6,932605996;50,93411099;0
112661;5;3;15;0;2019;6;5;1;3;0;1;1;0;0;0;0;0;1;354736,751;5644686,284;6,932599958;50,93548872;0
112764;5;3;15;0;2019;6;9;6;3;1;7;0;0;0;0;0;1;0;348214,3556;5657576,722;6,834455294;51,04964378;0
112766;5;3;15;0;2019;6;13;6;3;2;6;0;0;1;0;0;0;0;352391,53;5651146,111;6,8966255;50,99294446;0
112868;5;3;15;0;2019;6;22;7;3;2;6;2;0;1;0;0;0;0;358171,356;5644790,58;6,981408153;50,93728093;0
112869;5;3;15;0;2019;6;10;5;3;5;2;0;1;1;0;0;0;0;359432,0465;5651571,809;6,996718636;50,9985329;0
112870;5;3;15;0;2019;6;14;7;3;0;1;0;1;0;0;0;0;0;355659,1898;5650713,273;6,943328164;50,98988347;0
112871;5;3;15;0;2019;6;7;5;3;1;5;0;1;0;0;1;0;0;353441,518;5644862,493;6,914108216;50,93674454;0
112872;5;3;15;0;2019;6;13;7;2;0;1;0;1;0;0;0;0;0;356493,3624;5651663,708;6,954830389;50,99863339;0
112873;5;3;15;0;2019;6;7;5;2;6;4;0;0;1;1;0;0;0;349350,5593;5643146,684;6,856635703;50,92027159;0
112874;5;3;15;0;2019;6;15;7;3;2;6;0;0;1;0;1;0;0;356291,4582;5648085,516;6,953369823;50,96642657;0
112875;5;3;15;0;2019;6;19;5;3;3;6;0;0;1;0;0;0;0;354846,0573;5646234,017;6,933537788;50,94942531;0
112876;5;3;15;0;2019;6;13;7;3;0;3;0;1;0;0;1;0;0;353009,5907;5655857,267;6,903517492;51,03543925;0
112877;5;3;15;0;2019;6;15;5;3;0;7;0;1;0;0;0;0;1;354577,2674;5647447,317;6,929229155;50,96026112;0
112878;5;3;15;0;2019;6;1;7;3;3;6;2;0;1;0;0;0;0;355383,386;5646703,261;6,940995705;50,95377735;0
112879;5;3;15;0;2019;6;13;5;3;1;5;0;1;1;0;0;0;0;352745,9692;5644931,702;6,904187921;50,93718931;0
112881;5;3;15;0;2019;6;15;5;3;2;6;0;0;1;0;0;0;0;351234,3865;5643564,753;6,88324763;50,92451731;0
112883;5;3;15;0;2019;6;8;5;3;2;6;0;0;1;0;0;0;1;357217,1473;5634731,566;6,971767903;50,84664494;0
112885;5;3;15;0;2019;6;19;5;2;2;7;0;0;1;0;1;0;0;354135,4542;5636497,833;6,927318964;50,86174932;0
113085;5;3;15;0;2019;7;17;3;3;2;6;0;0;1;0;0;0;0;357115,3958;5636685,336;6,969560909;50,86417848;0
113088;5;3;15;0;2019;7;13;5;3;2;6;0;0;1;0;0;1;0;351252,71;5651264,026;6,880361217;50,99371088;0
113159;5;3;15;0;2019;7;9;4;3;1;5;0;0;1;0;0;1;0;359830,7946;5644856,446;7,004985559;50,93827863;0
113161;5;3;15;0;2019;7;15;4;3;5;3;0;1;1;0;0;0;0;360846,578;5646066,263;7,018971626;50,94939753;0
113163;5;3;15;0;2019;7;17;4;2;9;1;0;0;0;0;1;0;0;355801,6627;5650373,734;6,945491586;50,98686783;0
113165;5;3;15;0;2019;7;12;4;3;0;7;0;1;0;0;0;0;0;357956,4266;5647110,359;6,977446322;50,95807583;0
113167;5;3;15;0;2019;7;3;4;2;5;3;2;0;1;0;0;0;0;353355,2458;5645790,176;6,912507791;50,94505934;0
113168;5;3;15;0;2019;7;18;4;3;5;2;0;1;1;0;0;0;0;353008,5104;5644612,417;6,908050698;50,934387;0
113170;5;3;15;0;2019;7;10;4;3;2;6;0;0;1;0;1;0;0;355694,341;5645893,211;6,945740981;50,94657554;0
113203;5;3;15;0;2019;7;16;2;2;8;1;0;0;1;0;0;0;0;363534,3448;5641447,656;7,058940707;50,90853068;0
113205;5;3;15;0;2019;7;17;2;3;2;6;0;0;1;0;1;0;0;357406,1385;5644135,846;6,970780575;50,93120816;0
113207;5;3;15;0;2019;7;18;2;3;5;3;0;1;1;0;0;0;0;360010,5962;5648818,879;7,006019012;50,97393317;0
113209;5;3;15;0;2019;7;16;2;3;4;7;0;1;1;0;0;0;0;356305,2411;5647923,443;6,953629998;50,96497349;0
113212;5;3;15;0;2019;7;19;2;3;1;5;0;1;1;0;0;0;0;353478,658;5646557,119;6,913954723;50,95198294;0
113214;5;3;15;0;2019;7;15;2;3;2;2;0;0;1;0;0;0;0;349322,4914;5649466,695;6,853621526;50,9770576;0
113216;5;3;15;0;2019;7;6;2;3;3;6;1;0;1;0;0;1;0;357071,425;5634802,199;6,96967174;50,84724373;0
113218;5;3;15;0;2019;7;15;2;3;2;6;0;0;1;0;0;0;0;354777,2745;5644803,706;6,933129496;50,93655416;0
113312;5;3;15;0;2019;7;10;4;3;2;6;0;0;1;0;0;0;0;362736,0281;5641398,598;7,047611092;50,90790049;0
113420;5;3;15;0;2019;7;16;3;3;0;1;0;0;0;0;1;0;0;359901,4663;5645845,067;7,005610532;50,94718067;0
113422;5;3;15;0;2019;7;15;3;3;1;3;0;1;1;0;0;0;0;359916,2834;5649037,412;7,004592314;50,97587421;0
113423;5;3;15;0;2019;7;19;3;2;5;3;0;1;1;0;0;0;0;348680,1948;5657602,034;6,841085842;51,04999414;0
113425;5;3;15;0;2019;7;22;3;1;9;1;2;0;1;0;0;0;0;350391,5635;5646967,982;6,869866613;50,95488207;0
113427;5;3;15;0;2019;7;19;3;3;0;1;0;1;0;0;0;0;0;353075,3903;5644890,389;6,908889765;50,93690207;0
113429;5;3;15;0;2019;7;17;3;2;1;7;0;1;0;0;0;0;1;353079,901;5644981,586;6,908917147;50,93772277;0
113431;5;3;15;0;2019;7;13;3;3;6;4;0;1;0;1;0;0;0;353938,4971;5646120,332;6,920672116;50,9481744;0
113432;5;3;15;0;2019;7;9;3;3;2;6;0;0;1;0;0;0;1;359268,4496;5637159,777;6,999953966;50,86897048;0
113434;5;3;15;0;2019;7;13;3;3;6;6;0;0;0;1;0;0;1;355520,042;5643982,488;6,944019122;50,9293606;0
113435;5;3;15;0;2019;7;13;3;3;0;1;0;0;0;0;1;0;1;355483,2406;5643803,638;6,943566691;50,9277441;1
113463;5;3;15;0;2019;7;15;3;3;1;6;0;0;1;0;0;0;0;352489,864;5651017,133;6,898078098;50,99181061;0
113534;5;3;15;0;2019;7;21;2;3;5;2;1;1;1;0;0;0;0;356091,5285;5649067,114;6,950136041;50,97519807;0
113536;5;3;15;0;2019;7;13;2;2;6;4;0;0;0;1;0;1;0;351293,745;5648191,495;6,882202523;50,96611056;0
113538;5;3;15;0;2019;7;10;2;3;2;6;0;0;1;0;0;0;0;354210,4969;5644941,067;6,925013567;50,93764558;0
113542;5;3;15;0;2019;7;17;2;3;5;2;0;1;1;0;0;0;0;353903,6627;5636100,92;6,924186043;50,85812381;0
113546;5;3;15;0;2019;7;16;2;3;1;6;0;0;1;0;0;0;0;354173,9767;5644851,381;6,92453004;50,93683037;0
113548;5;3;15;0;2019;7;17;2;2;5;3;0;1;0;0;0;0;1;355334,97;5643979,148;6,941388649;50,9292842;0
113617;5;3;15;0;2019;7;18;6;3;5;2;0;1;1;0;0;0;0;360242,2582;5644960,868;7,010798045;50,93931696;0
113619;5;3;15;0;2019;7;18;6;3;3;2;0;1;1;0;0;0;0;359918,2511;5644875,842;7,006222055;50,93847419;0
113621;5;3;15;0;2019;7;19;6;2;5;2;0;1;1;0;0;0;0;356091,4781;5649067,321;6,950135243;50,97519993;0
113624;5;3;15;0;2019;7;16;6;3;0;7;0;0;1;0;0;0;0;355439,4463;5651096,562;6,940046727;50,99327282;0
113625;5;3;15;0;2019;7;9;6;3;0;6;0;1;0;0;0;1;0;353963,378;5646102,835;6,921033088;50,94802347;0
113627;5;3;15;0;2019;7;7;6;3;3;6;0;0;0;0;1;0;1;353831,4699;5646583,566;6,918963591;50,95231019;0
113629;5;3;15;0;2019;7;20;6;2;0;7;0;0;0;0;1;0;1;351533,803;5644413,405;6,88715925;50,93222084;0
113631;5;3;15;0;2019;7;23;6;3;8;1;2;1;0;0;0;0;0;355346,4455;5643955,804;6,941561099;50,92907729;0
113633;5;3;15;0;2019;7;15;6;3;2;6;0;0;1;0;0;0;0;356994,2359;5643479,191;6,965180418;50,92520486;0
113704;5;3;15;0;2019;7;1;2;3;8;7;2;0;1;0;0;0;0;347936,5469;5659734,76;6,82958791;51,06896232;0
113706;5;3;15;0;2019;7;16;2;3;2;6;0;0;1;0;0;0;1;350362,7101;5653660,205;6,866700351;51,01501285;0
113770;5;3;15;0;2019;7;14;1;3;1;6;0;0;1;0;0;0;0;366446,627;5635860,969;7,102381337;50,85900015;0
113771;5;3;15;0;2019;7;19;1;3;2;6;0;0;1;0;0;0;0;359790,9468;5647412,284;7,003434593;50,96123855;0
113772;5;3;15;0;2019;7;10;1;3;0;7;0;0;0;1;0;0;1;357636,0545;5643884,874;6,974148283;50,92900947;0
113774;5;3;15;0;2019;7;8;1;2;0;1;0;1;0;0;0;0;0;352473,4388;5644949,377;6,900304723;50,93727849;0
113776;5;3;15;0;2019;7;16;1;3;2;6;0;0;1;0;0;0;0;355383,386;5646703,261;6,940995705;50,95377735;0
113778;5;3;15;0;2019;7;14;1;3;2;6;0;0;1;0;1;0;0;356918,779;5645732,51;6,963222741;50,94543655;0
113781;5;3;15;0;2019;7;1;1;3;4;6;2;1;0;0;0;0;1;356182,668;5644619,844;6,953190494;50,93525402;0
113785;5;3;15;0;2019;7;14;6;3;2;6;0;0;1;0;0;0;0;365932,2814;5633963,328;7,095772249;50,84182559;0
113787;5;3;15;0;2019;7;14;6;2;2;6;0;0;1;0;0;0;0;365942,4615;5633943,456;7,095924027;50,84164934;0
113789;5;3;15;0;2019;7;11;6;3;2;6;0;0;1;0;0;0;1;361867,7398;5648021,533;7,032757851;50,96721567;0
113893;5;3;15;0;2019;7;16;3;3;3;6;0;0;1;0;0;1;0;362970,4563;5642834,969;7,050403963;50,92086546;0
113910;5;3;15;0;2019;7;18;5;3;3;6;0;0;1;0;1;0;0;361311,056;5647837,691;7,024904831;50,96542968;0
113912;5;3;15;0;2019;7;19;5;2;4;6;0;1;0;0;0;0;0;356019,7674;5646881,334;6,949979647;50,95553699;0
113914;5;3;15;0;2019;7;20;5;3;6;4;0;1;0;1;0;0;0;353607,6092;5646417,323;6,91584553;50,95075941;0
113916;5;3;15;0;2019;7;8;5;3;0;7;0;1;0;0;0;0;0;353585,3304;5646441,444;6,915518877;50,95097052;0
113917;5;3;15;0;2019;7;23;5;3;5;2;2;1;1;0;0;0;0;357252,2079;5642726,931;6,969143065;50,91850822;0
113966;5;3;15;0;2019;7;13;7;3;1;6;0;0;1;0;0;0;1;355231,171;5646652,115;6,938850356;50,9532795;0
113968;5;3;15;0;2019;7;21;7;3;2;6;1;0;1;0;0;0;0;353068,833;5640719,737;6,910476449;50,89942027;0
113970;5;3;15;0;2019;7;2;7;3;6;4;2;0;1;1;0;0;0;355294,7298;5645378,84;6,940260609;50,94185284;0
114072;5;3;15;0;2019;7;14;5;3;1;6;0;0;0;0;0;1;1;348029,541;5659426,49;6,831043732;51,06621686;0
114127;5;3;15;0;2019;7;8;4;3;6;4;0;0;1;1;0;0;0;358917,8136;5642301,925;6,992988186;50,91509828;0
114128;5;3;15;0;2019;7;14;4;3;2;6;0;0;1;0;0;0;0;348577,6126;5642914,494;6,845743286;50,91798275;0
114129;5;3;15;0;2019;7;5;4;3;5;3;0;1;1;0;0;0;0;353568,134;5646460,062;6,91526674;50,95113347;0
114130;5;3;15;0;2019;7;12;4;2;0;1;0;1;0;0;0;0;0;354800,8417;5638352,137;6,936031207;50,87858117;0
114131;5;3;15;0;2019;7;14;4;3;3;2;0;1;1;0;0;0;0;356041,3672;5644640,321;6,951172785;50,93540279;0
114236;5;3;15;0;2019;7;7;3;3;2;6;0;0;1;0;0;0;0;361959,637;5636564,763;7,038400863;50,86427176;0
114237;5;3;15;0;2019;7;17;3;3;0;3;0;1;1;0;0;0;0;359509,1032;5646712,685;6,999693843;50,95488255;0
114238;5;3;15;0;2019;7;1;3;3;8;7;2;0;1;0;0;0;0;351008,328;5654444,466;6,875575626;51,02222807;0
114239;5;3;15;0;2019;7;14;3;3;3;6;0;0;1;0;0;0;0;354852,3073;5646213,122;6,933635033;50,9492391;0
114240;5;3;15;0;2019;7;14;3;3;0;1;0;1;0;0;0;0;1;353962,4903;5636219,771;6,92497389;50,85920676;0
114241;5;3;15;0;2019;7;17;3;2;0;3;0;0;1;0;1;0;0;356181,0328;5644620,369;6,95316703;50,93525833;0
114275;5;3;15;0;2019;7;14;1;2;3;2;0;1;1;0;0;0;0;356395,6343;5647029,155;6,955269347;50,95695921;0
114276;5;3;15;0;2019;7;11;1;3;5;2;0;1;1;0;0;0;0;352805,0372;5651767,927;6,902261586;50,99863829;0
114278;5;3;15;0;2019;7;15;1;3;1;1;0;1;0;0;0;0;1;356869,2407;5644438,365;6,96302646;50,9337939;0
114331;5;3;15;0;2019;7;5;7;2;8;1;1;0;1;0;0;0;0;351533,803;5644413,405;6,88715925;50,93222084;1
114332;5;3;15;0;2019;7;17;7;3;5;3;0;1;1;0;0;0;0;355967,874;5644649,983;6,950123722;50,93547127;0
114333;5;3;15;0;2019;7;0;7;3;6;4;2;1;0;1;0;0;0;355211,179;5644935,165;6,939248491;50,93784466;0
114395;5;3;15;0;2019;7;4;7;3;8;7;1;0;1;0;0;0;0;356495,7496;5655164,57;6,953479528;51,03009532;1
114431;5;3;15;0;2019;7;20;6;3;6;4;0;0;1;1;0;0;0;362706,9169;5637220,502;7,048767263;50,87034315;1
114432;5;3;15;0;2019;7;13;6;3;5;2;0;1;1;0;0;0;0;357465,8081;5644952,256;6,971309831;50,93855996;0
114433;5;3;15;0;2019;7;17;6;2;0;1;0;1;1;0;0;0;0;353372,9128;5644868,01;6,913130265;50,93677668;0
114434;5;3;15;0;2019;7;0;6;3;4;5;2;1;0;0;0;0;0;358419,905;5640540,309;6,986593007;50,89914455;0
114435;5;3;15;0;2019;7;18;6;3;5;2;0;1;1;0;0;0;0;351738,756;5643568,261;6,890417554;50,92467867;1
114436;5;3;15;0;2019;7;15;6;3;4;6;0;0;1;0;0;0;0;356177,0559;5644603,338;6,953117192;50,93510428;0
114545;5;3;15;0;2019;7;18;5;3;5;3;0;1;1;0;0;0;0;359948,3465;5648937,034;7,005087403;50,97497991;0
114608;5;3;15;0;2019;7;9;4;3;0;1;0;1;0;0;0;0;0;363228,4223;5639502,332;7,055320654;50,89097473;0
114609;5;3;15;0;2019;7;13;4;3;3;5;0;1;1;0;0;0;0;364774,545;5645506,656;7,075064864;50,94530295;0
114610;5;3;15;0;2019;7;17;4;3;3;5;0;1;1;0;0;0;0;359524,3384;5644800,124;7,000648349;50,93769788;0