OBJECTID;ULAND;UREGBEZ;UKREIS;UGEMEINDE;UJAHR;UMONAT;USTUNDE;UWOCHENTAG;UKATEGORIE;UART;UTYP1;ULICHTVERH;IstRad;IstPKW;IstFuss;IstKrad;IstGkfz;IstSonstige;LINREFX;LINREFY;XGCSWGS84;YGCSWGS84;STRZUSTAND
114611;5;3;15;0;2019;7;9;4;3;5;2;0;1;1;0;0;0;0;360458,0547;5647586,282;7,012861301;50,96296425;0
114612;5;3;15;0;2019;7;13;4;3;3;2;0;1;1;0;0;0;0;356350,0834;5647501,623;6,954434709;50,96119385;0
114613;5;3;15;0;2019;7;6;4;3;5;3;0;1;1;0;0;0;0;349063,8793;5643064,886;6,852593874;50,91946161;0
114614;5;3;15;0;2019;7;11;4;3;5;2;0;1;1;0;0;0;0;354260,2535;5640287,686;6,927580288;50,89583945;0
114615;5;3;15;0;2019;7;14;4;3;0;7;0;0;1;0;1;0;0;357575,936;5634587,212;6,976917235;50,84543605;0
114670;5;3;15;0;2019;7;2;4;3;2;6;2;0;1;0;0;0;1;348911,0596;5645553,787;6,849389682;50,94178755;0
114697;5;3;15;0;2019;7;18;3;3;5;3;0;1;0;0;0;0;0;362720,1704;5645198,013;7,045955208;50,94204353;0
114698;5;3;15;0;2019;7;16;3;3;5;3;0;0;1;0;1;0;0;361574,4478;5645029,671;7,029721198;50,94025666;0
114699;5;3;15;0;2019;7;17;3;3;5;2;0;0;1;0;1;0;0;358701,987;5642527,263;6,989832614;50,91707061;0
114700;5;3;15;0;2019;7;17;3;3;5;3;0;1;1;0;0;0;0;359509,2164;5646712,953;6,99969535;50,95488498;0
114701;5;3;15;0;2019;7;16;3;2;0;1;0;1;0;0;0;0;0;359329,614;5647724,905;6,996748674;50,96393565;0
114702;5;3;15;0;2019;7;18;3;3;5;3;0;1;1;0;0;0;0;356159,757;5648785,801;6,951218523;50,97268702;0
114703;5;3;15;0;2019;7;17;3;3;5;3;0;1;1;0;0;0;0;348296,3478;5648464,33;6,8394335;50,96778079;0
114704;5;3;15;0;2019;7;9;3;3;3;6;0;1;0;0;0;0;0;355210,2361;5646647,282;6,938554423;50,95323081;0
114705;5;3;15;0;2019;7;16;3;2;3;6;0;1;0;0;0;0;0;354238,7094;5645141,585;6,925334606;50,93945471;0
114763;5;3;15;0;2019;7;13;3;3;9;1;0;0;0;0;1;0;0;363678,758;5646237,086;7,059202409;50,95160956;0
114797;5;3;15;0;2019;7;20;2;3;6;6;0;1;0;1;0;0;0;362689,0489;5645187,59;7,045516429;50,94194244;0
114798;5;3;15;0;2019;7;16;2;3;4;6;0;1;0;0;0;0;0;357884,0935;5646647,138;6,976597924;50,95389505;0
114799;5;3;15;0;2019;7;9;2;3;5;7;0;0;0;0;0;0;1;354393,3865;5642619,995;6,928541754;50,91683294;0
114842;5;3;15;0;2019;7;6;2;3;8;7;0;0;1;0;0;0;0;363239,7538;5641351,426;7,054789143;50,9075961;0
114890;5;3;15;0;2019;7;12;7;2;5;3;0;0;0;0;1;0;1;358337,14;5645557,788;6,983467789;50,9442166;0
114891;5;3;15;0;2019;7;19;7;2;5;3;0;0;1;0;0;0;0;359947,9102;5649023,356;7,005047941;50,97575558;1
114892;5;3;15;0;2019;7;19;7;3;5;2;0;0;1;0;0;0;0;349694,1577;5649296,547;6,85898224;50,97562573;1
114893;5;3;15;0;2019;7;13;7;3;1;6;0;0;1;0;1;0;0;354173,9733;5644848,746;6,924531047;50,93680668;0
114894;5;3;15;0;2019;7;1;7;2;0;7;2;0;0;0;0;0;1;353976,6948;5644848,363;6,921725408;50,93675332;0
114895;5;3;15;0;2019;7;4;7;2;5;3;2;0;1;0;0;0;0;351738,756;5643568,261;6,890417554;50,92467867;0
114896;5;3;15;0;2019;7;3;7;3;1;5;2;1;1;0;0;0;0;355196,8938;5644601,154;6,939178043;50,93483939;0
114953;5;3;15;0;2019;7;16;7;3;2;6;0;0;1;0;0;0;0;362247,9612;5642637,465;7,040205627;50,91891838;1
114954;5;3;15;0;2019;7;12;7;3;2;6;0;0;1;0;0;0;0;360623,3218;5651880,77;7,013566333;51,00159934;0
114956;5;3;15;0;2019;7;15;7;3;1;6;0;0;1;0;0;0;0;347502,0539;5644151,665;6,829935849;50,92881695;0
114957;5;3;15;0;2019;7;14;7;3;2;6;0;0;1;0;0;0;0;351499,0173;5652262,804;6,883460046;51,00274987;0
115003;5;3;15;0;2019;7;11;6;3;5;3;0;0;1;0;0;0;0;365954,3522;5634297,991;7,095963085;50,84483857;0
115004;5;3;15;0;2019;7;14;6;3;3;6;0;0;1;0;1;0;0;357614,814;5645096,902;6,973372685;50,93989669;0
115005;5;3;15;0;2019;7;8;6;2;3;2;0;1;0;0;0;0;1;354588,5053;5645692,924;6,9300898;50,94449775;1
115039;5;3;15;0;2019;7;10;2;3;3;6;0;0;1;0;0;1;0;348674,8496;5644059,091;6,84665065;50,9282939;0
115041;5;3;15;0;2019;7;17;2;3;2;6;0;0;1;0;0;0;0;351466,0586;5652307,982;6,882972153;51,00314735;0
115094;5;3;15;0;2019;7;19;6;3;3;3;0;0;1;0;0;1;0;361697,4021;5648222,536;7,030257051;50,96898126;0
115096;5;3;15;0;2019;7;13;6;3;2;6;0;0;1;0;0;0;0;354031,2832;5639813,285;6,924516184;50,8915183;0
115098;5;3;15;0;2019;7;14;6;3;2;6;0;0;1;0;0;1;1;349492,3308;5643248,481;6,858609243;50,92122337;0
115111;5;3;15;0;2019;7;2;1;2;4;7;2;0;1;0;0;0;1;355262,8167;5643842,888;6,940416702;50,92804156;0
115113;5;3;15;0;2019;7;0;1;2;0;7;2;0;0;0;0;0;1;354966,8756;5645430,992;6,935576393;50,94223914;0
115158;5;3;15;0;2019;7;18;5;3;2;6;0;0;1;0;0;0;0;366055,4918;5643790,828;7,09391908;50,9301808;0
115160;5;3;15;0;2019;7;8;5;2;5;3;0;1;1;0;0;0;0;357709,9602;5646909,858;6,974017625;50,95621314;0
115162;5;3;15;0;2019;7;9;5;3;0;7;0;0;0;0;0;0;1;355723,4271;5640050,471;6,948465995;50,89407502;0
115164;5;3;15;0;2019;7;18;5;3;3;6;0;0;1;0;0;0;1;355064,5744;5643562,37;6,937709217;50,92547084;0
115189;5;3;15;0;2019;7;17;1;3;2;6;0;0;1;0;0;0;0;366387,0812;5642283,495;7,099187247;50,9167103;0
115191;5;3;15;0;2019;7;10;1;3;2;6;0;0;1;0;0;0;0;362109,0757;5642603,335;7,038243846;50,91857848;0
115192;5;3;15;0;2019;7;11;1;3;2;6;0;0;1;0;0;0;0;359537,4959;5641623,858;7,002058958;50,90915553;0
115243;5;3;15;0;2019;7;22;4;2;0;1;2;0;0;0;1;0;0;357927,5378;5646580,402;6,977242104;50,95330601;0
115244;5;3;15;0;2019;7;6;4;3;0;1;0;1;0;0;0;0;0;356420,8926;5647074,46;6,955610873;50,95737266;0
115245;5;3;15;0;2019;7;0;4;3;0;1;2;1;0;0;0;0;0;353936,6097;5646738,023;6,920397465;50,9537249;0
115246;5;3;15;0;2019;7;13;4;3;9;1;0;0;1;0;0;0;0;351533,803;5644413,405;6,88715925;50,93222084;0
115347;5;3;15;0;2019;7;11;3;1;0;1;0;0;0;0;1;0;0;357885,1227;5646646,04;6,976612996;50,95388544;0
115348;5;3;15;0;2019;7;9;3;3;1;5;0;1;0;0;0;0;0;347909,3761;5645202,503;6,835289143;50,93836751;0
115349;5;3;15;0;2019;7;12;3;3;0;4;0;0;0;1;0;0;1;355764,5308;5644676,749;6,947221116;50,935661;0
115419;5;3;15;0;2019;7;16;5;3;1;3;0;1;1;0;0;0;0;363026,1461;5645288,043;7,05027392;50,94292543;0
115421;5;3;15;0;2019;7;13;5;3;2;6;0;0;1;0;0;1;0;350307,795;5647399,081;6,868497495;50,95873432;0
115423;5;3;15;0;2019;7;4;5;2;9;1;2;1;0;0;0;0;0;352099,4008;5644952,888;6,894983579;50,93721424;0
115425;5;3;15;0;2019;7;19;5;3;0;7;0;0;0;0;0;0;1;352725,932;5647106,149;6,903023587;50,95672498;0
115428;5;3;15;0;2019;7;22;5;3;0;1;2;1;0;0;0;0;0;353561,9232;5644183,213;6,916093607;50,93067068;0
115430;5;3;15;0;2019;7;17;5;3;5;3;0;0;1;0;0;0;1;353008,4567;5644612,012;6,908050098;50,93438335;0
115471;5;3;15;0;2019;7;14;2;3;1;5;0;0;1;0;0;0;0;362354,739;5643783,065;7,041291361;50,92923978;0
115473;5;3;15;0;2019;7;11;2;2;0;1;0;1;0;0;0;0;0;366757,1326;5638308,731;7,105898952;50,88107174;0
115475;5;3;15;0;2019;7;14;2;3;2;6;0;0;1;0;0;0;0;358171,356;5644790,58;6,981408153;50,93728093;0
115477;5;3;15;0;2019;7;20;2;3;3;2;0;0;1;0;0;0;0;353501,2361;5651884,527;6,912129303;50,99986379;0
115479;5;3;15;0;2019;7;20;2;3;2;2;0;1;0;0;0;0;0;355017,6703;5645383,725;6,936317723;50,94182714;0
115481;5;3;15;0;2019;7;19;2;2;3;6;0;0;1;0;1;0;0;356870,6099;5644615,727;6,962976275;50,93538817;0
115483;5;3;15;0;2019;7;18;2;3;6;4;0;1;0;1;0;0;0;357091,239;5643293,609;6,966632472;50,92356109;0
115597;5;3;15;0;2019;7;17;2;3;1;6;0;0;1;0;0;1;0;364678,0733;5640766,738;7,075451443;50,90268013;0
115661;5;3;15;0;2019;7;12;7;3;4;6;0;0;1;0;0;0;1;363768,783;5633728,021;7,06514911;50,8392054;0
115662;5;3;15;0;2019;7;13;7;3;0;1;0;1;0;0;0;0;0;356477,4097;5651360,925;6,954722868;50,99590837;0
115663;5;3;15;0;2019;7;8;7;3;2;6;0;0;1;0;0;0;0;350587,5296;5649352,39;6,871675425;50,97636003;0
115664;5;3;15;0;2019;7;16;7;2;5;3;0;1;1;0;0;0;0;354757,6999;5645599,16;6,932533971;50,94369776;0
115665;5;3;15;0;2019;7;17;7;3;0;1;0;1;0;0;0;0;0;355095,1084;5644787,153;6,937656487;50,93648535;1
115710;5;3;15;0;2019;7;16;7;3;2;6;0;0;1;0;0;0;0;361779,8621;5647933,729;7,031540475;50,96640547;1
115760;5;3;15;0;2019;7;8;6;3;2;7;0;0;1;1;0;0;0;361912,3407;5644060,958;7,034894658;50,93163156;0
115761;5;3;15;0;2019;7;19;6;3;0;1;0;0;0;0;1;0;0;355284,635;5648313,719;6,938950214;50,96822533;0
115763;5;3;15;0;2019;7;9;6;3;5;3;0;1;1;0;0;0;0;349264,3605;5649515,573;6,852773814;50,97748161;0
115798;5;3;15;0;2019;7;18;2;3;5;3;0;0;1;0;1;0;0;364724,2816;5643143,821;7,0752269;50,92405513;0
115800;5;3;15;0;2019;7;16;2;3;5;2;0;1;0;0;0;0;1;361438,492;5645316,049;7,027678368;50,94279776;0
115802;5;3;15;0;2019;7;15;2;3;0;1;0;0;0;0;1;0;0;361678,425;5644722,315;7,031316911;50,93751932;0
115804;5;3;15;0;2019;7;15;2;2;0;7;0;1;0;0;0;0;0;354292,722;5645867,999;6,925812275;50,94599641;0
115806;5;3;15;0;2019;7;9;2;3;3;3;0;1;0;0;0;0;0;353747,113;5644841,126;6,918463096;50,93663011;0
115807;5;3;15;0;2019;7;6;2;3;5;3;0;1;1;0;0;0;0;355184,9574;5643733,019;6,939353185;50,92703465;1
115900;5;3;15;0;2019;7;17;6;3;1;6;0;0;1;0;0;0;0;362819,3968;5644504,485;7,047627853;50,93583415;0
115965;5;3;15;0;2019;7;16;1;2;0;2;0;1;0;1;0;0;0;350152,6599;5648747,753;6,865734627;50,97081359;1
115976;5;3;15;0;2019;8;6;5;3;8;1;0;0;1;0;0;0;0;364269,7624;5646011,552;7,067695454;50,94972206;0
115977;5;3;15;0;2019;8;16;5;3;2;6;0;0;1;0;0;0;0;357124,29;5638772,832;6,968871645;50,8829411;0
116012;5;3;15;0;2019;7;14;4;3;9;1;0;0;1;0;0;0;0;366549,4043;5642216,964;7,10151948;50,9161499;0
116013;5;3;15;0;2019;7;15;4;3;1;5;0;0;1;0;0;0;0;356522,7692;5646652,842;6,957226674;50,95360902;0
116142;5;3;15;0;2019;8;18;6;2;0;1;0;1;0;0;0;0;0;354338,559;5645501,8;6,926610772;50,94271708;0
116224;5;3;15;0;2019;7;17;3;3;2;6;0;0;1;0;0;0;0;366581,0304;5642583,612;7,101835027;50,91945253;0
116226;5;3;15;0;2019;7;16;3;3;5;3;0;1;1;0;0;0;0;365148,076;5637064,113;7,083498165;50,86951225;0
116228;5;3;15;0;2019;7;17;3;3;5;3;0;1;0;0;0;0;0;367031,6895;5634563,371;7,111160744;50,84747238;0
116231;5;3;15;0;2019;7;16;3;3;5;3;0;1;1;0;0;0;0;354018,1768;5653918,882;6,918673044;51,01827701;0
116233;5;3;15;0;2019;7;17;3;3;2;6;0;1;1;0;0;0;0;352672,8006;5644936,079;6,903145515;50,93720996;0
116235;5;3;15;0;2019;7;10;3;3;0;3;0;1;1;0;0;0;0;351228,8302;5645018,778;6,882575177;50,93758242;0
116237;5;3;15;0;2019;7;11;3;3;2;6;0;0;1;0;0;0;0;355195,2941;5644612,893;6,939150628;50,93494448;0
116239;5;3;15;0;2019;8;13;6;3;1;6;0;0;1;0;0;0;0;351376,978;5652417,195;6,881658717;51,00410577;0
116240;5;3;15;0;2019;7;15;3;3;5;3;0;1;0;0;0;0;0;356838,1867;5644054,052;6,962735764;50,9303324;0
116298;5;3;15;0;2019;8;13;5;3;2;2;0;0;1;0;0;0;0;366285,7204;5642662,78;7,097607072;50,9200957;0
116300;5;3;15;0;2019;8;10;5;2;3;6;0;0;1;0;0;1;0;352377,9323;5657276,397;6,893936446;51,04803014;0
116398;5;3;15;0;2019;7;18;3;3;1;7;0;0;1;0;0;1;0;359411,5086;5641471,532;7,000326756;50,90775588;0
116426;5;3;15;0;2019;8;15;3;3;2;6;0;0;1;0;0;0;0;359892,3421;5643367,561;7,006433312;50,92491274;0
116427;5;3;15;0;2019;8;15;3;2;9;1;0;0;1;0;0;0;0;358262,5865;5644595,266;6,982781712;50,93554807;0
116428;5;3;15;0;2019;8;15;3;3;2;6;0;0;1;0;0;0;0;348622,9697;5655834,018;6,841008928;51,03409159;0
116429;5;3;15;0;2019;8;13;3;2;3;6;0;0;1;0;1;0;0;350526,2689;5650936,57;6,870151863;50,99058006;0
116450;5;3;15;0;2019;8;14;5;3;0;1;0;1;0;0;0;0;0;356493,2261;5651661,12;6,95482947;50,9986101;1
116452;5;3;15;0;2019;8;12;5;3;0;7;0;0;1;0;0;0;0;355217,8036;5644972,417;6,939327911;50,93818109;0
116495;5;3;15;0;2019;8;9;2;3;0;1;0;1;0;0;0;0;0;360045,2419;5648320,995;7,006703793;50,96946706;1
116560;5;3;15;0;2019;8;16;5;2;2;6;0;0;1;0;0;0;0;358931,6205;5643576,977;6,992691292;50,92656067;0
116589;5;3;15;0;2019;8;14;2;3;2;6;0;0;0;0;0;0;1;354025,975;5653340,569;6,919016869;51,01308196;0
116590;5;3;15;0;2019;8;13;2;3;9;7;0;0;1;0;0;0;0;355145,2539;5639116,916;6,940620479;50,88554057;0
116627;5;3;15;0;2019;8;12;4;2;5;2;0;1;1;0;0;0;0;356237,041;5648466,168;6,952444917;50,96983384;0
116628;5;3;15;0;2019;8;14;4;3;5;3;0;0;1;0;0;0;0;349350,7567;5643146,741;6,856638486;50,92027215;0
116629;5;3;15;0;2019;8;5;4;3;5;3;2;0;1;0;0;0;0;354259,0545;5645171,645;6,925611958;50,93972999;0
116630;5;3;15;0;2019;8;14;4;3;3;6;0;1;1;0;0;0;0;353909,4406;5641937,821;6,921934917;50,91058014;0
116631;5;3;15;0;2019;8;19;4;3;6;4;0;1;0;1;0;0;0;355270,1743;5645233,432;6,939969096;50,94053993;1
116662;5;3;15;0;2019;8;13;1;3;5;3;0;0;1;0;0;0;0;360623,125;5646337,274;7,015688778;50,95177916;0
116663;5;3;15;0;2019;8;17;1;3;2;6;0;1;1;0;0;0;0;348517,2328;5642912,751;6,844885647;50,91795124;0
116665;5;3;15;0;2019;8;13;1;3;2;6;0;0;1;0;0;0;0;359398,4282;5637205,334;7,001782482;50,86941154;0
116668;5;3;15;0;2019;8;5;1;3;8;1;0;0;1;0;0;0;0;353039,4521;5643945,327;6,908759701;50,92840001;0
116670;5;3;15;0;2019;8;3;1;2;6;7;2;0;1;1;0;0;0;355240,5713;5645078,93;6,939609418;50,93914403;0
116672;5;3;15;0;2019;8;2;1;3;0;7;2;0;0;0;0;0;1;355188,007;5644776,491;6,938981978;50,93641287;0
116734;5;3;15;0;2019;8;8;4;3;2;6;0;0;1;0;0;0;0;366015,7846;5636454,624;7,096045876;50,8642361;0
116736;5;3;15;0;2019;8;16;4;3;3;6;0;0;1;0;0;1;0;361631,9609;5642026,353;7,031679112;50,91327874;0
116739;5;3;15;0;2019;8;17;4;3;3;6;0;0;1;0;0;0;0;365751,665;5646113,421;7,088742171;50,95098467;0
116750;5;3;15;0;2019;8;15;1;3;2;6;0;0;1;0;0;0;0;362724,4644;5644683,117;7,046210305;50,93741699;0
116812;5;3;15;0;2019;8;1;7;2;5;7;2;0;1;0;0;0;0;359680,3609;5641657,408;7,004076854;50,9094918;1
116814;5;3;15;0;2019;8;18;7;3;5;2;0;0;1;0;0;0;1;359586,376;5650553,89;6,999310139;50,98942252;0
116816;5;3;15;0;2019;8;21;7;3;5;3;1;0;1;0;0;0;1;353164,9949;5646861,416;6,909369496;50,95463771;0
116823;5;3;15;0;2019;8;20;3;3;1;6;2;0;1;0;0;0;0;365102,4191;5638402,294;7,082355994;50,8815287;1
116825;5;3;15;0;2019;8;16;3;3;2;6;0;0;1;0;0;0;0;359718,8473;5645830,904;7,00301798;50,94700898;0
116828;5;3;15;0;2019;8;15;3;3;0;7;0;0;0;1;0;0;1;360517,003;5646472,335;7,01412714;50,95296731;0
116830;5;3;15;0;2019;8;19;3;2;8;6;0;0;1;0;0;0;0;358208,898;5647879,178;6,980739272;50,96504736;1
116832;5;3;15;0;2019;8;15;3;3;2;6;0;1;0;0;0;0;0;351508,111;5645015,941;6,886548377;50,93762891;0
116834;5;3;15;0;2019;8;14;3;3;3;6;0;0;1;0;1;0;0;356618,9144;5646263,538;6,958747942;50,95013432;0
116890;5;3;15;0;2019;8;15;2;2;1;6;0;0;1;0;0;1;0;357368,8507;5639190,364;6,972183051;50,8867539;1
116933;5;3;15;0;2019;8;17;1;3;0;1;0;1;0;0;0;0;0;361317,6866;5647839,609;7,024998467;50,96544852;0
116935;5;3;15;0;2019;8;23;1;3;0;1;2;1;0;0;0;0;0;356641,5485;5646356,151;6,959033491;50,95097226;0
116973;5;3;15;0;2019;8;16;4;2;2;6;0;0;1;0;0;0;0;360511,6692;5651077,606;7,01228459;50,99435418;0
116977;5;3;15;0;2019;8;17;4;3;2;6;0;0;1;0;0;0;0;349920,7068;5650620,19;6,861660332;50,98757942;0
116999;5;3;15;0;2019;8;4;1;2;9;1;2;0;1;0;0;0;0;353931,1693;5639931,929;6,923046255;50,89255921;0
117040;5;3;15;0;2019;8;14;3;3;2;6;0;0;1;0;1;0;0;360301,0335;5647010,623;7,010847688;50,95775267;0
117042;5;3;15;0;2019;8;18;7;3;2;6;0;0;1;0;1;0;0;359315,457;5647721,738;6,996548424;50,96390373;0
117043;5;3;15;0;2019;8;15;3;3;6;4;0;1;0;1;0;0;0;359821,879;5647480,673;7,003848433;50,9618607;0
117046;5;3;15;0;2019;8;17;3;3;6;4;0;1;0;1;0;0;0;353062,5056;5644913,22;6,908697308;50,93710396;0
117048;5;3;15;0;2019;8;17;3;2;0;1;0;1;0;0;0;0;0;353864,6661;5644333,737;6,920338444;50,93210017;0
117147;5;3;15;0;2019;8;3;7;3;3;7;2;0;1;0;0;0;0;354701,0738;5639364,897;6,934211413;50,88765759;1
117209;5;3;15;0;2019;8;15;6;3;1;6;0;0;1;0;0;0;0;359341,5863;5652162,971;6,995201259;51,00382356;1
117210;5;3;15;0;2019;8;10;6;3;2;6;0;0;1;0;0;0;0;359586,4711;5650552,604;6,99931199;50,98941099;0
117270;5;3;15;0;2019;8;10;2;3;0;7;0;0;1;1;0;0;0;349486,4541;5644498,702;6,858009573;50,93245672;0
117273;5;3;15;0;2019;8;11;2;3;2;6;0;1;1;0;0;0;0;354577,0998;5642850,474;6,931061627;50,91895053;0
117275;5;3;15;0;2019;8;19;2;3;6;4;0;0;1;1;0;0;0;355307,446;5644748,516;6,940691812;50,93619145;1
117310;5;3;15;0;2019;8;19;4;3;0;1;0;1;0;0;0;0;0;355199,4134;5644865,126;6,939108984;50,93721228;0
117314;5;3;15;0;2019;8;21;6;3;9;1;2;0;1;0;0;0;0;366721,054;5638602,586;7,105279227;50,88370451;1
117316;5;3;15;0;2019;8;17;6;3;9;1;0;0;1;0;0;0;0;363449,02;5641337,39;7,057769064;50,90751949;1
117353;5;3;15;0;2019;8;15;4;3;5;2;0;0;1;0;0;0;0;356931,3866;5636597,946;6,966982003;50,86334761;0
117391;5;3;15;0;2019;8;19;4;2;5;3;0;1;0;0;0;0;1;352333,451;5644958,275;6,898310151;50,93732262;0
117459;5;3;15;0;2019;8;13;6;3;2;6;0;0;1;0;0;0;0;360526,2561;5651182,986;7,01245185;50,99530477;0
117460;5;3;15;0;2019;8;17;6;3;5;3;0;1;1;0;0;0;0;348725,8215;5642959,692;6,847831489;50,91842778;0
117461;5;3;15;0;2019;8;14;6;3;5;2;0;1;1;0;0;0;0;352701,2411;5644914,235;6,903558839;50,93702092;0
117462;5;3;15;0;2019;8;11;6;2;3;6;0;1;0;0;0;0;1;352949,3939;5641729,934;6,908372192;50,90846815;0
117463;5;3;15;0;2019;8;10;6;3;5;2;0;0;1;0;0;0;0;353842,7414;5642331,409;6,920829171;50,91410031;0
117563;5;3;15;0;2019;8;19;5;3;6;4;1;1;0;1;0;0;0;355196,062;5644845,175;6,939069245;50,93703214;1
117644;5;3;15;0;2019;8;15;7;3;0;1;0;1;0;0;0;0;0;353710,9069;5646305,225;6,917360154;50,94977826;0
117647;5;3;15;0;2019;8;19;7;3;0;1;0;0;1;0;1;0;0;354065,5832;5642126,519;6,924078946;50,91231541;1
117657;5;3;15;0;2019;8;19;5;2;3;6;0;0;1;0;0;1;0;364601,508;5642656,522;7,073661989;50,91964671;1
117723;5;3;15;0;2019;8;7;3;3;2;6;0;0;1;0;0;0;0;366033,1491;5636131,662;7,096410726;50,86133742;0
117724;5;3;15;0;2019;8;17;3;3;2;6;0;0;1;0;0;0;0;350797,0961;5653179,032;6,873086469;51,01080177;0
117725;5;3;15;0;2019;8;9;4;3;2;6;0;0;1;0;0;0;0;348614,106;5643758,924;6,84591156;50,92558059;0
117767;5;3;15;0;2019;8;19;2;3;5;2;0;1;1;0;0;0;0;362844,6515;5648315,82;7,046551109;50,97009394;0
117768;5;3;15;0;2019;8;15;2;3;1;5;0;1;1;0;0;0;0;356050,922;5646893,88;6,950417967;50,95565752;0
117769;5;3;15;0;2019;8;7;2;3;5;2;0;1;0;0;0;0;1;356147,2019;5648837,42;6,951019397;50,97314778;0
117770;5;3;15;0;2019;8;9;2;3;5;7;0;1;1;0;0;0;0;349150,9734;5643089,114;6,853822034;50,9197021;0
117771;5;3;15;0;2019;8;7;2;3;3;6;0;0;0;0;1;0;1;351405,1825;5643548,11;6,885682859;50,92441177;0
117772;5;3;15;0;2019;8;16;2;3;3;6;0;0;1;0;1;0;1;357189,6039;5634749,753;6,97136982;50,84680158;0
117773;5;3;15;0;2019;8;15;2;2;1;5;0;1;1;0;0;0;0;355211,0747;5644529,133;6,939408339;50,93419571;0
117774;5;3;15;0;2019;8;13;2;3;7;7;0;1;0;0;0;0;0;354610,57;5644811,695;6,930755353;50,93658395;0
117795;5;3;15;0;2019;8;17;4;2;2;6;0;0;0;0;1;0;1;349034,507;5647117,226;6,850497345;50,95586934;0
117813;5;3;15;0;2019;8;18;3;3;2;2;0;0;1;0;0;0;0;351981,7721;5651594,716;6,890607971;50,99687057;0
117846;5;3;15;0;2019;8;20;2;2;9;7;2;0;1;0;0;0;0;354585,5402;5639413,537;6,932550598;50,88806564;0
117847;5;3;15;0;2019;8;9;2;3;3;6;0;0;1;0;0;1;0;351398,1818;5652398,093;6,881968536;51,00393959;0
117872;5;3;15;0;2019;8;9;1;3;5;2;0;0;1;0;0;0;0;349111,6816;5645138,438;6,852415223;50,93810765;1
117921;5;3;15;0;2019;8;8;3;3;2;6;0;0;1;0;0;0;0;357940,6165;5646586,878;6,97742566;50,95336743;0
117931;5;3;15;0;2019;8;13;3;3;1;2;0;1;1;0;0;0;0;356237,041;5648466,168;6,952444917;50,96983384;0
117934;5;3;15;0;2019;8;17;3;3;3;6;0;1;0;0;0;0;0;352628,3695;5640955,741;6,904121792;50,9014289;0
117966;5;3;15;0;2019;8;20;6;3;3;6;1;1;0;0;1;0;0;355014,3104;5644791,444;6,936505627;50,93650361;0
117971;5;3;15;0;2019;8;23;6;3;0;6;2;0;0;1;0;0;1;353380,7371;5645541,705;6,912970421;50,94283291;0
118031;5;3;15;0;2019;8;14;6;3;5;3;0;1;1;0;0;0;0;354538,9909;5647416,908;6,928696647;50,95997817;0
118061;5;3;15;0;2019;8;11;5;3;4;6;0;0;1;0;0;0;1;350556,2345;5649197,085;6,871293803;50,97495628;0
118062;5;3;15;0;2019;8;19;5;2;3;6;0;1;1;0;0;0;0;354351,6925;5645830,732;6,926666055;50,94567641;0
118063;5;3;15;0;2019;8;19;5;3;3;6;0;0;1;0;0;0;0;354646,0237;5645964,27;6,930799698;50,94695076;0
118065;5;3;15;0;2019;8;22;5;3;0;1;2;0;0;0;0;0;1;356950,7401;5646331,623;6,963442051;50,95082865;0
118074;5;3;15;0;2019;8;1;6;3;1;7;2;0;1;0;0;0;0;360492,8563;5646784,329;7,013664005;50,9557654;0
118091;5;3;15;0;2019;8;23;6;3;6;6;2;1;0;1;0;0;0;356376,9859;5644602,162;6,955961114;50,93514354;0
118146;5;3;15;0;2019;8;15;5;3;2;6;0;0;1;0;0;0;0;365991,1493;5634145,202;7,096541354;50,84347387;0
118156;5;3;15;0;2019;8;23;6;3;3;2;2;1;1;0;0;0;0;353032,3366;5644894,252;6,908275881;50,93692581;0
118197;5;3;15;0;2019;8;11;4;2;6;4;0;0;1;1;0;0;0;362707,1981;5637221,283;7,048770964;50,87035024;0
118198;5;3;15;0;2019;8;16;4;3;0;1;0;1;0;0;0;0;0;355301,954;5644192,985;6,940834266;50,93119763;0
118201;5;3;15;0;2019;8;21;6;3;0;6;2;1;1;0;0;0;0;366515,9911;5635861,494;7,103366141;50,85902088;0
118217;5;3;15;0;2019;8;11;6;3;0;1;0;1;0;0;0;0;0;352180,583;5643657,701;6,896663437;50,9255958;0
118262;5;3;15;0;2019;8;16;2;3;2;7;0;1;1;0;0;0;0;353714,6106;5646301,214;6,917414457;50,94974315;0
118266;5;3;15;0;2019;8;9;2;2;9;7;0;0;0;0;0;1;0;363229,5295;5642880,881;7,05407045;50,92133956;0
118267;5;3;15;0;2019;8;16;2;3;2;6;0;0;1;0;1;0;0;365945,9649;5633957,921;7,095968466;50,84178016;0
118306;5;3;15;0;2019;8;11;1;3;0;7;0;1;0;0;0;0;0;365455,3492;5642914,973;7,085707121;50,9221693;0
118308;5;3;15;0;2019;8;16;1;3;0;6;0;1;0;0;0;0;1;358096,3224;5647213,649;6,979396693;50,95903856;0