OBJECTID;ULAND;UREGBEZ;UKREIS;UGEMEINDE;UJAHR;UMONAT;USTUNDE;UWOCHENTAG;UKATEGORIE;UART;UTYP1;ULICHTVERH;IstRad;IstPKW;IstFuss;IstKrad;IstGkfz;IstSonstige;LINREFX;LINREFY;XGCSWGS84;YGCSWGS84;STRZUSTAND
121769;5;3;15;0;2019;9;23;3;3;8;1;2;0;1;0;0;0;0;353205,2765;5655395,254;6,906493662;51,03133741;1
121770;5;3;15;0;2019;9;9;3;3;2;6;0;0;1;0;0;0;0;354338,559;5645501,8;6,926610772;50,94271708;0
121771;5;3;15;0;2019;9;9;3;3;2;6;0;0;1;0;1;0;1;354788,2804;5646138,726;6,93275383;50,9485544;0
121772;5;3;15;0;2019;9;10;3;3;6;7;0;1;0;1;0;0;0;352943,249;5643818,707;6,907442787;50,92723761;0
121831;5;3;15;0;2019;9;21;3;2;2;6;2;0;1;0;0;1;0;348261,0067;5643905,063;6,840830258;50,92680107;1
121885;5;3;15;0;2019;9;13;2;3;5;2;0;1;1;0;0;0;0;359509,0173;5646712,482;6,999692699;50,9548807;0
121887;5;3;15;0;2019;9;8;2;3;0;1;0;0;0;0;1;0;0;350587,5296;5649352,39;6,871675425;50,97636003;1
121889;5;3;15;0;2019;9;14;2;3;8;1;0;1;0;0;0;0;0;354320,0338;5644138,629;6,926892249;50,93046198;0
121891;5;3;15;0;2019;9;9;2;3;5;3;0;0;1;0;0;0;0;355435,282;5645708,929;6,942128845;50,94485454;1
121924;5;3;15;0;2019;9;10;5;3;0;1;0;0;0;0;1;0;0;359223,8485;5643425,889;6,996905116;50,92527421;1
121926;5;3;15;0;2019;9;8;5;3;2;6;0;0;1;0;0;0;0;360919,9151;5649674,815;7,018635388;50,98184591;1
121928;5;3;15;0;2019;9;15;5;3;9;1;0;0;1;0;0;0;0;400692,8366;5648008,162;7,585482535;50,97509846;1
122021;5;3;15;0;2019;9;23;7;2;9;1;2;0;1;0;0;0;0;348138,5272;5658955,856;6,832795587;51,0620166;0
122022;5;3;15;0;2019;9;16;7;3;2;6;0;0;1;0;0;0;0;357139,5292;5638088,312;6,969355646;50,87679306;0
122023;5;3;15;0;2019;9;8;7;2;9;7;0;0;0;0;1;0;1;352452,563;5651148,678;6,897493532;50,99298318;1
122058;5;3;15;0;2019;9;15;6;2;2;6;0;0;1;0;0;0;0;356419,8494;5656786,627;6,951755021;51,0446533;0
122061;5;3;15;0;2019;9;14;6;3;6;4;0;0;1;1;0;0;0;360012,868;5648032,983;7,006353855;50,9668708;0
122062;5;3;15;0;2019;9;22;6;3;0;7;2;1;1;0;0;0;1;353720,8973;5646294,404;6,91750663;50,94968355;0
122063;5;3;15;0;2019;9;9;6;3;0;1;0;1;0;0;0;0;0;354533,0493;5643503,666;6,930174815;50,9248095;0
122155;5;3;15;0;2019;9;14;6;3;2;6;0;0;1;0;0;0;0;360696,9373;5653166,089;7,014121481;51,01316844;0
122158;5;3;15;0;2019;9;11;2;3;3;6;0;0;1;0;0;0;0;362533,3944;5644994,587;7,043375054;50,94017076;0
122159;5;3;15;0;2019;9;8;2;2;2;6;0;0;1;0;0;0;0;358895,731;5643639,872;6,992156601;50,92711714;0
122160;5;3;15;0;2019;9;15;6;3;3;6;0;0;1;0;1;0;0;356697,382;5638929,016;6,962745556;50,884239;0
122161;5;3;15;0;2019;9;8;2;3;2;6;0;0;1;0;0;0;0;361862,5347;5647546,921;7,032863987;50,96294896;1
122163;5;3;15;0;2019;9;16;2;3;2;6;0;0;1;0;0;0;0;357111,4381;5638682,808;6,968724258;50,88212888;0
122214;5;3;15;0;2019;9;7;1;3;2;7;0;0;1;0;0;0;0;359979,3916;5647786,543;7,005972261;50,96464788;0
122215;5;3;15;0;2019;9;0;1;3;3;6;2;1;1;0;0;0;0;353659,1131;5646361,559;6,916600674;50,95027136;0
122216;5;3;15;0;2019;9;2;1;3;0;7;2;1;0;0;0;0;0;352732,664;5647102,149;6,903120991;50,95669076;1
122219;5;3;15;0;2019;9;16;1;3;2;6;0;0;1;0;0;0;0;354622,5283;5645954,876;6,93046921;50,94686042;1
122272;5;3;15;0;2019;9;15;5;2;5;3;0;0;1;0;0;1;0;367865,2015;5645364,503;7,119086306;50,944742;1
122274;5;3;15;0;2019;9;20;1;2;2;6;2;0;1;0;0;0;0;362470,5296;5645122,704;7,042432462;50,94130721;0
122279;5;3;15;0;2019;9;1;1;3;2;7;2;0;1;0;0;0;0;351107,0607;5651198,535;6,878314092;50,9930847;0
122296;5;3;15;0;2019;9;20;5;3;5;3;2;0;1;0;1;0;0;365783,69;5634634,942;7,093416889;50,84782744;1
122298;5;3;15;0;2019;9;21;5;3;1;3;2;0;1;0;0;0;0;359825,8062;5647465,327;7,003910232;50,96172374;1
122300;5;3;15;0;2019;9;15;5;3;3;6;0;0;1;0;1;0;0;354478,66;5644828,27;6,928872645;50,93669964;1
122303;5;3;15;0;2019;9;19;5;3;0;7;2;1;1;0;0;0;0;352999,9606;5644469,164;6,907986887;50,93309746;1
122335;5;3;15;0;2019;9;19;7;3;9;1;2;0;1;0;0;0;0;363038,0004;5639323,013;7,052682044;50,88931799;1
122336;5;3;15;0;2019;9;19;7;3;2;6;1;0;1;0;0;0;0;348893,9929;5643004,112;6,850203851;50,91887102;1
122338;5;3;15;0;2019;9;19;7;2;6;4;2;0;0;1;0;0;1;354296,8334;5642490,479;6,927220839;50,91564465;1
122339;5;3;15;0;2019;9;11;7;3;2;6;0;0;1;0;0;0;0;355260,7462;5644357,62;6,940182874;50,93266683;1
122414;5;3;15;0;2019;10;7;4;3;2;6;0;0;1;0;0;0;0;362174,7276;5646080,424;7,037862274;50,9498439;1
122415;5;3;15;0;2019;10;17;4;3;2;6;0;0;1;0;0;0;0;363933,5863;5642898,8;7,064074746;50,92166707;0
122462;5;3;15;0;2019;10;20;3;2;5;3;2;0;1;0;0;0;0;365069,394;5641629,592;7,080694494;50,9105267;1
122463;5;3;15;0;2019;10;18;3;3;8;1;0;0;0;0;1;0;0;361677,1971;5644719,542;7,031300498;50,9374941;1
122464;5;3;15;0;2019;10;5;3;3;9;1;2;0;1;0;0;0;0;361955,7508;5648027,399;7,034008264;50,96728948;1
122465;5;3;15;0;2019;10;5;3;3;5;3;2;1;1;0;0;0;0;350739,257;5652191,549;6,872668674;51,00191295;1
122466;5;3;15;0;2019;10;15;3;3;2;6;0;0;1;0;0;0;1;351060,562;5658882,007;6,87449512;51,06211845;1
122467;5;3;15;0;2019;10;16;3;3;5;2;0;0;1;1;0;0;0;352627,3077;5647162,459;6,901597521;50,9572058;1
122468;5;3;15;0;2019;10;10;3;2;8;1;0;0;0;0;1;0;0;354935,7521;5646388,024;6,93475247;50,95083191;1
122469;5;3;15;0;2019;10;7;3;2;0;7;1;0;1;0;1;0;0;354686,8601;5638030,751;6,934539844;50,87566427;1
122470;5;3;15;0;2019;10;7;3;2;8;1;1;0;1;0;0;0;0;355512,6713;5639696,16;6,945611359;50,89083817;1
122471;5;3;15;0;2019;10;12;3;3;5;3;0;0;1;0;0;0;0;357024,6346;5641115,85;6,966538814;50,90397315;1
122472;5;3;15;0;2019;10;16;3;3;5;3;0;1;1;0;0;0;0;354365,0515;5643975,711;6,927597516;50,92900926;0
122473;5;3;15;0;2019;10;17;3;3;0;1;0;1;0;0;0;0;0;355286,2103;5644185,469;6,940613359;50,93112614;1
122608;5;3;15;0;2019;10;4;5;3;8;1;2;0;1;0;0;0;0;355684,6089;5638935,756;6,948354687;50,88404748;0
122626;5;3;15;0;2019;10;11;3;2;2;6;0;0;0;0;0;1;0;347707,7343;5660290,357;6,82609057;51,07389421;1
122698;5;3;15;0;2019;10;20;4;3;2;6;2;0;1;0;0;0;0;355912,6561;5646830,449;6,948475761;50,95505293;0
122700;5;3;15;0;2019;10;8;4;3;5;3;0;1;1;0;0;0;0;354788,2804;5646138,726;6,93275383;50,9485544;1
122703;5;3;15;0;2019;10;20;4;3;5;2;2;0;1;0;0;0;0;353656,898;5648665,386;6,915642647;50,97097439;0
122705;5;3;15;0;2019;10;7;4;3;0;1;1;0;0;0;1;0;0;354065,0639;5644825,488;6,922991396;50,93657012;1
122707;5;3;15;0;2019;10;8;4;3;5;2;0;1;1;0;0;0;0;355189,6227;5644667,087;6,939048433;50,93543009;1
122708;5;3;15;0;2019;9;8;2;3;2;6;0;0;1;0;0;0;0;361284,4262;5646147,144;7,02517018;50,95022996;0
122709;5;3;15;0;2019;10;15;4;3;1;2;0;1;1;0;0;0;0;355289,7177;5645353,799;6,940199263;50,94162654;0
122710;5;3;15;0;2019;9;15;2;1;1;2;0;0;0;0;1;1;0;359591,1741;5646861,272;7,000804288;50,95623792;0
122712;5;3;15;0;2019;9;17;2;3;3;5;0;1;1;0;0;0;0;356235,8596;5646966,454;6,95302069;50,9563559;0
122713;5;3;15;0;2019;9;18;2;2;2;6;0;0;1;0;0;0;0;355709,8609;5646726,941;6,945631364;50,95407198;0
122716;5;3;15;0;2019;9;3;2;3;3;2;2;1;1;0;0;0;0;351738,756;5643568,261;6,890417554;50,92467867;0
122786;5;3;15;0;2019;10;6;2;3;2;6;2;0;1;0;0;0;0;347597,8861;5644114,286;6,831314134;50,92850638;1
122811;5;3;15;0;2019;10;17;1;2;6;4;0;0;1;1;0;0;0;365228,3748;5635614,044;7,085172767;50,85649822;1
122812;5;3;15;0;2019;10;19;1;3;6;2;2;0;1;1;0;0;0;360012,868;5648032,983;7,006353855;50,9668708;1
122813;5;3;15;0;2019;10;13;1;2;5;3;0;0;1;0;0;0;0;353206,897;5645201,989;6,91063457;50,93973579;1
122830;5;3;15;0;2019;10;19;1;3;2;6;2;0;1;0;0;0;0;362854,7372;5644449,302;7,048151279;50,93534661;1
122831;5;3;15;0;2019;10;17;1;3;2;6;0;0;1;0;0;0;0;357109,7241;5638881,536;6,968622217;50,88391442;0
122899;5;3;15;0;2019;10;20;7;2;5;3;2;1;1;0;0;0;0;362248,478;5651270,979;7,03694521;50,99651042;0
122900;5;3;15;0;2019;10;15;3;3;1;6;0;0;1;0;0;0;0;363649,6113;5641224,108;7,060662742;50,90654877;0
122901;5;3;15;0;2019;10;21;7;3;2;6;2;0;1;0;0;0;0;356430,87;5647042,982;6,955765259;50,95709226;0
122902;5;3;15;0;2019;10;18;3;3;1;2;1;0;1;0;0;0;0;353433,743;5641240,742;6,915453052;50,90419511;1
122903;5;3;15;0;2019;10;14;3;3;1;5;0;1;1;0;0;0;0;353598,9614;5646426,686;6,915718736;50,95084136;1
122904;5;3;15;0;2019;10;19;7;3;4;2;2;0;1;0;0;0;0;358617,2004;5636993,463;6,9907689;50,86731688;0
122905;5;3;15;0;2019;10;17;3;3;2;6;0;0;1;0;0;0;0;355383,386;5646703,261;6,940995705;50,95377735;1
122907;5;3;15;0;2019;10;8;3;2;4;1;0;0;1;0;0;0;0;355653,257;5636304,777;6,948947684;50,86039523;1
122908;5;3;15;0;2019;10;9;3;3;5;3;0;1;0;0;1;0;0;351718,3393;5642119,817;6,890716055;50,91165694;1
123061;5;3;15;0;2019;10;7;6;3;1;5;1;1;1;0;0;0;0;366847,9592;5637833,393;7,107362463;50,87682044;1
123062;5;3;15;0;2019;10;9;3;3;1;6;0;0;1;0;0;0;0;360748,2937;5642285,839;7,019017686;50,91539828;1
123063;5;3;15;0;2019;10;12;6;3;6;2;0;0;1;1;0;0;0;360012,868;5648032,983;7,006353855;50,9668708;1
123065;5;3;15;0;2019;10;14;6;2;0;1;0;0;0;0;0;0;1;355960,7176;5649702,234;6,948022369;50,98087304;1
123068;5;3;15;0;2019;10;11;6;3;2;6;0;0;1;0;1;0;0;349385,8114;5643919,79;6,856817564;50,92722817;1
123070;5;3;15;0;2019;10;20;6;3;5;2;2;0;0;0;1;0;1;354209,0118;5636701,896;6,928282159;50,86360174;1
123133;5;3;15;0;2019;10;7;2;3;2;6;1;0;1;0;1;0;0;363258,3962;5639538,02;7,055733217;50,89130257;1
123135;5;3;15;0;2019;10;7;2;3;2;2;0;0;1;0;1;0;0;364071,5308;5645564,87;7,065041813;50,94566082;1
123137;5;3;15;0;2019;10;13;2;3;1;7;0;1;1;0;0;0;0;353710,8276;5646305,311;6,917358992;50,94977901;0
123139;5;3;15;0;2019;10;8;2;3;5;2;0;1;1;0;0;0;0;355482,6088;5643804,307;6,94355744;50,92774995;0
123219;5;3;15;0;2019;10;17;6;3;3;1;0;0;1;0;0;1;0;360676,8296;5653164,136;7,013835764;51,01314602;1
123234;5;3;15;0;2019;10;8;2;3;2;6;0;0;1;0;0;0;0;364104,0185;5641363,871;7,067069886;50,90791205;0
123236;5;3;15;0;2019;10;7;2;3;3;6;1;0;1;0;0;1;0;348822,1964;5644403,998;6,848602769;50,93143196;1
123265;5;3;15;0;2019;10;7;6;2;2;6;0;0;1;0;0;1;0;350845,7008;5653098,032;6,873812122;51,01008648;0
123344;5;3;15;0;2019;10;18;1;3;2;6;0;0;1;0;0;0;0;362766,4303;5644588,839;7,046842726;50,93657967;0
123345;5;3;15;0;2019;10;8;5;3;3;6;0;0;1;0;0;1;0;360793,9414;5645959,177;7,018263695;50,94842241;1
123347;5;3;15;0;2019;10;15;5;3;2;6;0;0;1;0;0;0;0;361980,3638;5648034,643;7,034355828;50,96736048;0
123349;5;3;15;0;2019;10;12;5;3;5;5;0;0;1;0;0;0;1;357893,9475;5644501,352;6,977575325;50,93461335;0
123351;5;3;15;0;2019;10;17;5;3;2;6;0;0;1;0;0;0;0;353191,7059;5645180,633;6,910427107;50,93954;0
123353;5;3;15;0;2019;10;7;5;3;8;2;0;1;1;0;0;0;0;351673,717;5644984,3;6,888916578;50,93738719;1
123354;5;3;15;0;2019;10;22;5;3;0;1;2;1;0;0;0;0;0;353991,572;5644828,878;6,921944806;50,93658198;0
123356;5;3;15;0;2019;10;8;5;3;2;6;0;0;1;0;0;0;0;355439,1531;5643889,86;6,94290558;50,92850791;1
123436;5;3;15;0;2019;10;16;7;3;0;6;0;0;0;0;1;0;0;362103,646;5644276,353;7,037533892;50,93361315;1
123438;5;3;15;0;2019;10;15;7;3;2;6;0;0;1;0;0;0;0;355089,4538;5646520,548;6,936886422;50,95206152;0
123441;5;3;15;0;2019;10;20;7;3;5;3;2;0;1;1;0;0;0;353579,1758;5646448,107;6,915428637;50,95102884;0
123442;5;3;15;0;2019;10;5;7;3;0;7;2;1;0;1;0;0;0;346891,7119;5647100,245;6,820018028;50,95515145;0
123444;5;3;15;0;2019;10;17;7;3;2;6;0;0;1;0;0;0;0;356942,9107;5634841,946;6,96783187;50,84756918;0
123446;5;3;15;0;2019;10;17;7;3;5;2;0;1;1;0;0;0;0;355269,8429;5645231,708;6,939965066;50,94052435;0
123470;5;3;15;0;2019;10;17;5;3;3;6;0;0;1;0;0;1;0;362978,4586;5642836,985;7,050516988;50,92088548;0
123519;5;3;15;0;2019;10;8;4;3;2;6;0;0;1;0;0;0;0;357405,664;5644135,766;6,970773858;50,93120733;0
123521;5;3;15;0;2019;10;5;4;2;6;2;2;0;1;1;0;0;0;360458,117;5646827,83;7,013153019;50,95614794;0
123523;5;3;15;0;2019;10;9;4;3;8;6;0;0;0;0;1;1;0;351697,0791;5643779,365;6,889739108;50,92656505;0
123524;5;3;15;0;2019;10;9;4;3;0;1;0;1;0;0;0;0;0;354040,0839;5644420,275;6,922798415;50,93292227;0
123547;5;3;15;0;2019;10;22;7;2;3;6;2;0;1;0;0;1;0;371707,1325;5646502,807;7,1733442;50,95584087;0
123552;5;3;15;0;2019;10;19;7;3;2;6;2;0;1;0;0;0;0;357158,9496;5637581,074;6,969829642;50,87223929;0
123654;5;3;15;0;2019;10;8;6;3;0;1;0;0;0;0;0;0;1;361012,3979;5647750,909;7,020687452;50,96457778;0
123656;5;3;15;0;2019;10;12;6;3;0;7;0;1;0;0;0;0;0;359764,4789;5649519,303;7,002245459;50,98016805;0
123657;5;3;15;0;2019;10;7;4;3;2;6;1;0;1;0;0;0;0;348890,4406;5644876,646;6,849377247;50,93569719;0
123658;5;3;15;0;2019;10;14;6;2;1;5;0;1;0;0;0;0;1;354018,4838;5646064,245;6,921832488;50,94769063;0
123661;5;3;15;0;2019;10;16;6;3;0;4;0;1;0;1;0;0;0;353046,7029;5644956,859;6,908454954;50,9374921;0
123663;5;3;15;0;2019;10;6;6;3;2;6;2;0;1;0;0;0;0;355711,46;5635198,313;6,950210246;50,85046601;0
123665;5;3;15;0;2019;10;16;6;3;5;2;0;1;1;0;0;0;0;353454,196;5643032,668;6,915024085;50,92030377;0
123666;5;3;15;0;2019;10;14;6;3;0;4;0;1;0;1;0;0;0;354741,601;5644805,463;6,932621428;50,93656097;0
123731;5;3;15;0;2019;10;7;6;3;2;6;2;0;1;0;0;0;0;362876,9369;5644414,258;7,048480215;50,93503693;0
123739;5;3;15;0;2019;10;6;4;3;2;6;2;0;1;0;0;0;0;366095,721;5635125,706;7,09766731;50,85231062;1
123807;5;3;15;0;2019;10;19;3;3;6;2;2;0;1;1;0;0;0;365101,9932;5638404,891;7,082348987;50,88155194;1
123808;5;3;15;0;2019;10;18;3;3;1;6;2;0;1;0;0;0;0;359286,6347;5644770,306;6,9972789;50,93737195;1
123810;5;3;15;0;2019;10;16;3;3;0;5;0;0;1;0;0;0;0;360884,0376;5644279,307;7,02018699;50,93334681;0
123811;5;3;15;0;2019;10;8;3;3;5;2;0;1;1;0;0;0;0;361990,2549;5648037,554;7,034495501;50,96738901;0
123813;5;3;15;0;2019;10;16;3;3;2;6;0;0;1;0;0;0;0;354160,9423;5636568,67;6,927652657;50,86239234;0
123836;5;3;15;0;2019;10;5;5;3;8;1;2;0;1;0;0;0;0;360306,923;5643279,441;7,012362268;50,92422132;1
123837;5;3;15;0;2019;10;17;5;3;0;3;0;1;1;0;0;0;0;358171,356;5644790,58;6,981408153;50,93728093;1
123838;5;3;15;0;2019;10;9;5;3;2;6;0;0;1;0;0;0;0;358171,356;5644790,58;6,981408153;50,93728093;1
123840;5;3;15;0;2019;10;19;5;3;1;6;2;0;1;0;0;0;0;360623,4361;5646336,894;7,01569335;50,95177582;1
123842;5;3;15;0;2019;10;7;5;3;0;2;0;1;1;0;0;0;0;356429,6798;5647045,855;6,955747191;50,95711778;1
123844;5;3;15;0;2019;10;14;5;3;0;7;0;0;0;0;0;0;1;347928,7986;5645172,45;6,835577916;50,93810256;1
123846;5;3;15;0;2019;10;17;5;3;3;2;0;0;1;0;0;0;0;356796,0063;5644710,153;6,961878122;50,93621825;1
123924;5;3;15;0;2019;10;19;3;3;2;6;2;0;1;0;0;0;0;358472,7645;5643920,223;6,986033131;50,92953305;1
123925;5;3;15;0;2019;10;15;3;2;3;6;0;0;1;0;0;1;0;363455,9195;5643408,162;7,057092037;50,92613208;0
123986;5;3;15;0;2019;10;6;5;3;2;6;2;0;1;0;0;0;0;359681,9722;5641645,79;7,004104225;50,90938777;1
124000;5;3;15;0;2019;10;10;2;3;1;6;0;0;1;0;0;0;0;366314,7633;5642657,204;7,098022074;50,92005232;1
124002;5;3;15;0;2019;10;14;2;3;0;7;0;1;0;0;0;0;0;359532,423;5641812,598;7,0019142;50,91085053;0
124004;5;3;15;0;2019;10;13;2;3;0;3;0;0;1;0;0;0;1;358945,058;5644594,396;6,992488648;50,93570758;0
124006;5;3;15;0;2019;10;15;2;3;2;6;0;0;1;0;0;0;0;361942,2079;5648023,41;7,033817025;50,96725039;0
124008;5;3;15;0;2019;10;17;2;3;1;6;0;0;1;0;0;0;0;359329,0132;5647725,217;6,996740002;50,9639383;0
124010;5;3;15;0;2019;10;6;2;3;2;6;2;0;1;0;0;0;0;351285,1314;5644955,968;6,883401549;50,9370325;1
124011;5;3;15;0;2019;10;15;2;2;8;1;0;0;1;0;0;0;0;349040,9449;5643058,196;6,852270594;50,91939549;0
124013;5;3;15;0;2019;10;4;2;3;5;3;2;0;1;0;0;0;0;358787,612;5639496,041;6,992222443;50,88984961;1
124015;5;3;15;0;2019;10;16;2;3;5;1;0;0;1;0;0;0;0;357003,6601;5639873,326;6,966727249;50,89280141;0
124017;5;3;15;0;2019;10;7;2;3;5;3;0;0;1;0;0;0;0;353859,1865;5642349,137;6,921055846;50,9142638;1
124018;5;3;15;0;2019;10;17;2;3;3;6;0;1;0;0;0;0;0;353042,293;5643874,211;6,908828765;50,92776164;0
124021;5;3;15;0;2019;10;14;2;3;4;6;0;1;0;0;0;0;0;355242,383;5641287,638;6,94114008;50,90507287;0
124023;5;3;15;0;2019;10;14;2;3;0;1;0;1;0;0;0;0;0;353018,6257;5644688,605;6,908163827;50,93507425;0
124075;5;3;15;0;2019;10;9;4;3;2;6;0;0;1;0;0;0;0;359933,2354;5647698,471;7,005349287;50,96384515;1
124077;5;3;15;0;2019;10;16;4;3;5;2;0;0;1;0;0;0;0;355439,688;5637512,009;6,945438117;50,87119118;1
124082;5;3;15;0;2019;10;7;4;3;1;5;1;1;1;0;0;0;0;353777,6823;5641752,463;6,920136308;50,90888101;1
124083;5;3;15;0;2019;10;17;4;3;5;2;0;1;1;0;0;0;0;354624,4053;5642954,164;6,931692849;50,91989429;1
124117;5;3;15;0;2019;10;13;2;2;8;7;0;0;1;0;0;0;0;359510,3911;5643333,747;7,001015159;50,92451597;0
124197;5;3;15;0;2019;10;16;1;3;0;7;0;1;0;0;0;0;0;352134,2888;5647533,148;6,894431998;50,9604107;0
124198;5;3;15;0;2019;10;10;1;3;2;6;0;0;1;0;0;0;0;354793,1959;5646165,671;6,932813013;50,94879779;0
124200;5;3;15;0;2019;10;11;1;3;2;6;0;0;1;0;0;0;0;353465,4216;5641198,394;6,915920281;50,90382259;0
124259;5;3;15;0;2019;10;21;2;3;3;7;2;0;1;0;0;0;0;349774,8252;5654309,73;6,858056422;51,02069634;0
124260;5;3;15;0;2019;10;18;2;3;2;6;1;0;0;0;0;1;0;348402,1664;5656428,625;6,837613362;51,03937655;0
124292;5;3;15;0;2019;10;20;1;2;4;2;2;0;1;0;1;0;0;355235,29;5651550,095;6,936958779;50,99729726;1
124293;5;3;15;0;2019;10;19;1;3;6;2;2;0;1;1;0;0;0;354338,559;5645501,8;6,926610772;50,94271708;1
124294;5;3;15;0;2019;10;13;1;3;0;1;0;1;0;0;0;0;0;353560,4963;5644182,368;6,916073655;50,93066273;1
124295;5;3;15;0;2019;10;3;1;3;6;4;2;0;1;1;0;0;0;355335,5731;5643977,562;6,941397856;50,9292701;1
124349;5;3;15;0;2019;10;13;1;3;2;6;0;0;1;0;0;0;0;366339,842;5645796,91;7,097227129;50,94827668;1
124350;5;3;15;0;2019;10;11;1;3;2;6;0;0;1;0;0;0;0;362709,9898;5644680,019;7,046005589;50,9373857;1
124383;5;3;15;0;2019;10;11;7;3;0;1;0;1;0;0;0;0;0;353038,5721;5644915,911;6,908355828;50,93712205;0
124384;5;3;15;0;2019;10;23;7;3;2;6;2;0;1;0;0;0;0;352064,9737;5644975,154;6,894484904;50,9374055;1
124385;5;3;15;0;2019;10;14;7;3;5;3;0;1;1;0;0;0;0;355869,2302;5646001,869;6,948185899;50,94759579;1
124486;5;3;15;0;2019;10;15;6;3;2;6;0;0;1;0;0;0;1;355369,5595;5648340,036;6,940148416;50,96848316;1
124487;5;3;15;0;2019;10;14;6;3;1;5;0;1;1;0;0;0;0;354543,0178;5645717,277;6,929433018;50,94470513;1
124488;5;3;15;0;2019;10;7;6;3;5;2;0;0;1;0;0;0;0;351737,5409;5643568,209;6,890400298;50,92467789;0
124505;5;3;15;0;2019;10;0;5;2;0;1;2;1;0;0;0;0;0;354897,0808;5646298,72;6,934237888;50,95001963;0
124537;5;3;15;0;2019;10;7;5;3;3;6;0;0;1;0;0;1;0;348854,9899;5644596,24;6,848989379;50,9331681;0
124566;5;3;15;0;2019;10;0;4;3;3;6;2;1;1;0;0;0;0;356516,3121;5646579,253;6,957163808;50,95294608;0
124567;5;3;15;0;2019;10;10;4;3;0;2;0;1;0;0;0;0;1;354852,0235;5644410,744;6,934349129;50,93304153;0
124617;5;3;15;0;2019;10;15;5;3;2;2;0;0;1;0;0;1;0;361640,639;5647934,196;7,029558807;50,96637625;0
124640;5;3;15;0;2019;10;12;3;3;5;3;0;1;1;0;0;0;0;354364,7288;5643976,612;6,927592566;50,92901727;0
124641;5;3;15;0;2019;10;16;3;3;5;3;0;0;1;0;0;0;0;357211,2214;5641125,329;6,969187047;50,90410451;0
124701;5;3;15;0;2019;10;17;3;3;2;6;0;0;1;0;0;0;0;357080,8209;5639591,513;6,967933914;50,89028784;0
124758;5;3;15;0;2019;10;5;2;3;8;1;2;0;1;0;0;0;0;361816,6166;5650782,407;7,030980658;50,99201598;1
124760;5;3;15;0;2019;10;9;2;3;2;6;0;0;1;0;0;0;0;358616,5553;5636993,322;6,990759793;50,86731545;1
124763;5;3;15;0;2019;10;8;2;3;0;1;0;0;0;0;1;0;0;354665,7058;5645988,407;6,931070056;50,94717264;1
124791;5;3;15;0;2019;10;8;5;3;0;3;0;1;0;0;1;0;0;355890,406;5644647,446;6,94902295;50,93542912;0
124793;5;3;15;0;2019;10;17;2;3;2;6;1;0;1;0;0;0;1;352074,4975;5651054,658;6,892148397;50,99204123;0
124819;5;3;15;0;2019;10;7;2;2;2;6;1;0;1;0;1;0;0;365332,7468;5642586,31;7,08408514;50,9191868;0
124820;5;3;15;0;2019;10;16;2;3;1;6;1;0;1;0;0;0;0;361635,5665;5647957,868;7,029477609;50,96658777;0
124821;5;3;15;0;2019;10;17;2;3;1;6;2;0;1;0;0;1;0;354042,2009;5639798,488;6,924677222;50,89138808;0
124842;5;3;15;0;2019;10;11;1;3;2;6;0;0;1;0;0;0;0;365766,0699;5649582,444;7,087666983;50,98216601;1
124843;5;3;15;0;2019;10;8;1;2;5;3;0;0;1;0;0;0;0;354111,554;5646990,39;6,922785369;50,95603714;1
124844;5;3;15;0;2019;10;2;1;3;0;7;2;0;0;0;0;0;1;355281,824;5645305,286;6,940106254;50,94118858;0
124845;5;3;15;0;2019;10;2;1;2;0;1;2;1;0;0;0;0;0;355249,9786;5645128,043;6,939723709;50,93958775;0
124853;5;3;15;0;2019;10;20;2;3;3;6;2;0;1;0;0;0;0;355264,7535;5643845,664;6,940443142;50,928067;0
124906;5;3;15;0;2019;10;13;7;3;2;6;0;0;1;0;0;0;0;357941,8208;5646585,595;6,977443296;50,9533562;0
124907;5;3;15;0;2019;10;18;7;3;0;6;1;0;1;0;1;0;0;354489,189;5642725,893;6,929861486;50,91780879;0
124908;5;3;15;0;2019;10;19;7;3;0;6;2;1;0;1;0;0;0;353292,9494;5646758,345;6,91123155;50,95374404;0
124910;5;3;15;0;2019;10;16;7;3;0;1;0;0;0;0;0;0;1;355743,1392;5644679,924;6,94691562;50,93568417;0
124961;5;3;15;0;2019;10;11;7;2;2;6;0;0;1;0;1;1;0;362469,3321;5645125,303;7,042414447;50,94133028;0
124963;5;3;15;0;2019;10;19;7;3;2;6;2;0;1;0;0;0;0;357147,4176;5637879,968;6,969549094;50,87492262;0
124964;5;3;15;0;2019;10;19;7;2;2;6;2;0;1;0;0;0;0;357149,5914;5637820,97;6,969603018;50,87439293;0
124978;5;3;15;0;2019;10;9;2;3;2;6;0;1;1;0;0;0;0;358660,497;5639684,624;6,990343334;50,89151334;0
124998;5;3;15;0;2019;10;13;6;3;5;3;0;1;1;0;0;0;0;365957,9647;5635842,476;7,095448949;50,85872087;0