OBJECTID;ULAND;UREGBEZ;UKREIS;UGEMEINDE;UJAHR;UMONAT;USTUNDE;UWOCHENTAG;UKATEGORIE;UART;UTYP1;ULICHTVERH;IstRad;IstPKW;IstFuss;IstKrad;IstGkfz;IstSonstige;LINREFX;LINREFY;XGCSWGS84;YGCSWGS84;STRZUSTAND
124999;5;3;15;0;2019;10;16;6;2;5;3;0;1;1;0;0;0;0;358314,8232;5642998,792;6,984145128;50,92121333;0
125001;5;3;15;0;2019;10;11;6;3;6;2;0;0;1;1;0;0;0;361361,604;5644114,13;7,027041937;50,93197732;0
125002;5;3;15;0;2019;10;2;6;3;0;1;2;0;1;0;0;0;0;356669,2596;5647186,829;6,959100657;50,95844433;0
125004;5;3;15;0;2019;10;16;6;2;0;7;0;1;0;0;0;0;0;355348,33;5651494,834;6,938590608;50,99682907;0
125005;5;3;15;0;2019;10;11;6;3;5;2;0;1;1;0;0;0;0;352479,7721;5644928,612;6,900403205;50,9370935;0
125006;5;3;15;0;2019;10;12;6;3;0;7;0;1;1;0;0;0;0;354193,5854;5644489,707;6,924953634;50,93358507;0
125007;5;3;15;0;2019;10;2;6;3;0;7;2;0;0;0;0;0;1;356922,8362;5645745,104;6,963275509;50,94555073;0
125070;5;3;15;0;2019;10;16;6;3;2;6;0;0;1;0;0;0;0;365984,3761;5637131,472;7,095351858;50,87031215;0
125071;5;3;15;0;2019;10;15;6;3;2;6;0;0;1;0;0;1;0;360552,6212;5642236,783;7,0162546;50,91491016;0
125105;5;3;15;0;2019;10;7;3;3;1;2;0;0;1;0;0;0;0;365069,394;5641629,592;7,080694494;50,9105267;0
125128;5;3;15;0;2019;10;15;4;3;2;6;0;0;1;0;0;0;0;354062,6255;5646961,695;6,922100702;50,95576688;0
125146;5;3;15;0;2019;10;14;4;2;7;7;0;0;0;0;0;1;0;350946,3657;5652998,628;6,87528687;51,0092193;0
125161;5;3;15;0;2019;10;11;3;2;0;1;0;1;0;0;0;0;0;352519,952;5647227,084;6,900043821;50,95775909;0
125190;5;3;15;0;2019;10;17;4;3;0;7;2;0;1;0;0;0;1;357430,4662;5644293,775;6,971064769;50,93263348;0
125203;5;3;15;0;2019;10;22;4;3;0;7;2;0;1;1;0;0;0;355188,3808;5644752,746;6,938996731;50,93619957;0
125207;5;3;15;0;2019;10;18;5;3;2;6;1;0;1;0;0;0;0;361215,5926;5642671,089;7,025514642;50,91897321;0
125219;5;3;15;0;2019;10;14;3;3;2;6;0;0;1;0;0;0;0;351738,756;5643568,261;6,890417554;50,92467867;0
125248;5;3;15;0;2019;10;15;4;3;6;7;0;1;0;1;0;0;0;351673,717;5644984,3;6,888916578;50,93738719;0
125282;5;3;15;0;2019;10;19;3;3;2;6;2;0;1;0;1;0;0;354195,9076;5644985,82;6,924788158;50,93804407;0
125301;5;3;15;0;2019;10;11;3;3;2;6;0;0;1;0;0;0;0;360484,2476;5650891,827;7,011965445;50,99267792;0
125306;5;3;15;0;2019;10;12;4;3;6;5;0;0;1;1;0;0;0;353079,4172;5643802,154;6,909385695;50,92712355;0
125311;5;3;15;0;2019;10;20;4;3;5;2;2;0;1;0;0;0;0;363800,2065;5641072,456;7,062859963;50,90522136;0
125342;5;3;15;0;2019;10;15;3;3;2;6;0;0;1;0;0;0;0;357575,936;5634587,212;6,976917235;50,84543605;0
125396;5;3;15;0;2019;10;13;4;3;0;7;0;1;1;0;0;0;0;356786,696;5644708,12;6,961746504;50,93619766;0
125398;5;3;15;0;2019;10;8;5;3;0;1;0;1;0;0;0;0;0;359329,3841;5647725,024;6,996745355;50,96393666;1
125401;5;3;15;0;2019;10;17;5;3;0;1;1;1;0;0;0;0;0;348279,9937;5657868,129;6,835268919;51,0522797;0
125403;5;3;15;0;2019;10;14;5;3;1;1;0;0;1;0;0;0;1;353166,7063;5645104,229;6,910102325;50,93884702;0
125406;5;3;15;0;2019;10;12;5;2;2;6;0;0;1;0;0;0;0;354191,129;5644819,757;6,924786644;50,93655051;0
125408;5;3;15;0;2019;10;14;5;3;5;2;0;0;0;0;0;0;1;354191,852;5644842,442;6,924787849;50,93675455;0
125410;5;3;15;0;2019;10;12;5;3;0;4;0;0;1;1;0;0;0;353219,336;5646830,077;6,910155288;50,95436992;0
125413;5;3;15;0;2019;10;5;5;3;5;3;1;1;1;0;0;0;0;353656,529;5648665,808;6,915637225;50,97097809;1
125415;5;3;15;0;2019;10;14;5;3;3;6;0;0;1;0;0;0;0;353005,177;5644568,958;6,908020821;50,93399561;0
125454;5;3;15;0;2019;11;12;2;3;3;2;0;1;1;0;0;0;0;361816,8832;5644842,9;7,033240564;50,93863625;1
125455;5;3;15;0;2019;11;17;2;3;0;1;2;0;1;0;1;0;0;358771,0178;5644709,147;6,989968841;50,93669626;1
125456;5;3;15;0;2019;11;7;2;3;0;1;0;0;0;0;1;0;0;359316,58;5647721,155;6,99656463;50,96389877;1
125457;5;3;15;0;2019;11;11;2;3;5;7;0;0;1;0;0;0;0;357706,636;5646906,903;6,973971481;50,95618576;1
125458;5;3;15;0;2019;11;15;2;3;2;6;0;0;1;0;0;0;0;355535,3463;5651375,018;6,941301572;50,9957993;0
125459;5;3;15;0;2019;11;14;2;3;2;6;0;0;1;0;1;0;0;352280,6674;5657378,94;6,892507976;51,04892662;1
125460;5;3;15;0;2019;11;7;2;3;0;6;1;0;1;0;1;0;0;356325,0739;5647731,841;6,953987912;50,96325655;1
125461;5;3;15;0;2019;11;8;2;3;3;6;0;0;1;0;1;0;0;352068,3759;5644954,787;6,894541561;50,93722334;1
125462;5;3;15;0;2019;11;7;2;3;5;2;0;1;0;0;0;0;0;359431,174;5638517,22;7,001743239;50,88120972;1
125463;5;3;15;0;2019;11;12;2;3;5;3;0;1;1;0;0;0;0;356039,6139;5644640,332;6,951147844;50,93540245;1
125531;5;3;15;0;2019;11;13;2;2;8;1;0;0;1;0;0;0;0;348848,3408;5644881,385;6,848776559;50,93572874;1
125563;5;3;15;0;2019;11;17;1;3;6;2;2;0;1;1;0;0;0;359600,015;5650180,787;6,999648527;50,98607276;1
125706;5;3;15;0;2019;11;14;7;3;0;6;0;0;1;0;0;0;0;361672,9238;5648427,282;7,029830772;50,97081548;0
125708;5;3;15;0;2019;11;23;7;3;9;1;2;0;1;0;0;0;0;359429,202;5641534,294;7,000554083;50,90832424;0
125744;5;3;15;0;2019;11;17;6;3;2;6;1;0;1;0;0;0;0;354705,263;5643053,919;6,932802699;50,92081113;1
125746;5;3;15;0;2019;11;6;6;2;6;4;2;0;1;1;0;0;0;355098,13;5643609,445;6,938167641;50,92590232;1
125752;5;3;15;0;2019;11;12;3;2;9;1;0;0;0;0;0;1;0;348612,4087;5643625,053;6,845943006;50,92437715;0
125835;5;3;15;0;2019;11;12;5;3;1;5;0;1;1;0;0;0;0;365121,1803;5638300,044;7,082660266;50,8806141;1
125836;5;3;15;0;2019;11;17;5;3;0;7;2;0;0;0;0;0;1;365561,7273;5635126,516;7,090085237;50,85219403;1
125837;5;3;15;0;2019;11;17;5;3;2;6;2;0;1;0;0;0;0;357941,7148;5646585,708;6,977441743;50,95335719;0
125838;5;3;15;0;2019;11;18;5;3;3;6;1;0;1;0;1;0;0;357404,0858;5644135,5;6,970751518;50,93120454;0
125839;5;3;15;0;2019;11;14;5;3;1;6;0;0;1;0;1;0;0;359948,1548;5648937,593;7,005084459;50,97498488;1
125840;5;3;15;0;2019;11;18;5;3;5;3;2;1;0;0;0;0;0;354517,3457;5643547,725;6,929933948;50,92520148;0
125841;5;3;15;0;2019;11;7;5;3;2;1;0;0;1;0;0;0;0;353108,134;5640776,389;6,911012165;50,89993938;1
125842;5;3;15;0;2019;11;21;5;3;0;5;2;1;1;0;0;0;0;355295,8475;5645384,424;6,940274288;50,94190331;1
125955;5;3;15;0;2019;11;18;4;3;2;6;2;0;1;0;0;0;0;360689,1287;5652168,969;7,014393026;51,00420535;1
125958;5;3;15;0;2019;11;6;4;3;5;2;1;1;1;0;0;0;0;365763,939;5649582,299;7,087636698;50,98216421;1
125960;5;3;15;0;2019;11;18;4;3;5;3;2;0;1;0;0;0;1;357892,0109;5643517,841;6,977931204;50,92577406;1
125963;5;3;15;0;2019;11;7;4;3;2;6;0;0;1;0;0;0;0;358459,0812;5644006,824;6,985804916;50,93030798;1
125964;5;3;15;0;2019;11;8;4;3;5;3;0;0;1;0;0;0;0;350739,3464;5652191,433;6,872669994;51,00191193;1
125966;5;3;15;0;2019;11;11;4;3;0;1;0;0;0;0;1;0;0;354250,8597;5645185,26;6,925489952;50,93985027;1
125969;5;3;15;0;2019;11;20;4;2;5;2;2;1;1;0;0;0;0;354467,255;5645760,332;6,928338091;50,94507293;1
125970;5;3;15;0;2019;11;7;4;3;0;7;1;0;1;0;1;0;0;356629,996;5639910,085;6,961403262;50,89303913;1
126030;5;3;15;0;2019;11;14;6;3;2;6;0;0;1;0;0;0;0;353563,7761;5641439,266;6,917221512;50,90601218;0
126084;5;3;15;0;2019;11;6;4;3;2;6;2;0;1;0;0;0;0;357533,1973;5639301,988;6,974474521;50,88779763;1
126085;5;3;15;0;2019;11;20;4;3;2;6;2;0;1;0;0;0;0;349223,57;5649509,777;6,852195596;50,97741885;1
126086;5;3;15;0;2019;11;9;4;3;0;6;0;0;1;0;0;0;0;355633,7787;5638947,51;6,947627917;50,88414042;1
126149;5;3;15;0;2019;11;16;3;3;0;1;1;0;0;0;1;0;0;366069,112;5634530,231;7,097507296;50,84695247;1
126156;5;3;15;0;2019;11;7;3;3;6;2;1;0;1;1;0;0;0;366286,8565;5635851,712;7,100115921;50,85888003;1
126157;5;3;15;0;2019;11;22;3;3;5;7;2;0;1;0;0;0;0;361872,678;5648002,997;7,032835174;50,96705026;1
126158;5;3;15;0;2019;11;16;3;3;6;4;0;1;0;1;0;0;0;360845,3245;5646043,087;7,018962649;50,94918893;0
126160;5;3;15;0;2019;11;22;3;2;7;1;2;1;0;0;0;0;0;353376,5212;5646668,331;6,912456827;50,95295639;0
126162;5;3;15;0;2019;11;17;3;3;5;3;2;1;1;0;0;0;0;349350,7637;5643146,743;6,856638585;50,92027217;1
126163;5;3;15;0;2019;11;14;3;3;6;4;0;0;0;1;0;0;1;347927,7207;5645172,508;6,835562563;50,9381028;1
126165;5;3;15;0;2019;11;14;3;3;2;2;0;0;1;0;0;0;0;349233,385;5643112,819;6,854983853;50,91993666;0
126167;5;3;15;0;2019;11;9;3;3;0;1;0;1;0;0;0;0;0;351752,6137;5643568,973;6,890614299;50,92468863;1
126169;5;3;15;0;2019;11;16;3;3;2;6;1;1;0;0;0;0;0;358277,4762;5640712,331;6,984502102;50,90065559;1
126171;5;3;15;0;2019;11;13;3;3;6;7;0;0;0;1;0;0;1;354711,2884;5643081,09;6,932877542;50,92105682;0
126174;5;3;15;0;2019;11;7;3;3;3;2;0;1;1;0;0;0;0;354767,1987;5644684,543;6,933033685;50,93548074;1
126175;5;3;15;0;2019;11;9;3;3;5;3;0;0;1;0;0;0;0;356871,2815;5644583,865;6,962998341;50,93510199;0
126178;5;3;15;0;2019;11;12;6;3;2;6;0;0;1;0;0;0;0;360674,5192;5653368,365;7,013724413;51,01498088;0
126287;5;3;15;0;2019;11;18;3;2;2;6;2;0;1;0;0;0;0;360570,2835;5650392,713;7,013382199;50,98821319;0
126288;5;3;15;0;2019;11;18;3;3;2;6;2;0;1;0;0;0;0;353898,85;5648599,767;6,919112685;50,97044612;0
126322;5;3;15;0;2019;11;10;2;2;0;7;2;1;0;0;0;0;1;363800,2065;5641072,456;7,062859963;50,90522136;0
126323;5;3;15;0;2019;11;8;2;3;1;2;0;0;1;0;0;0;1;360341,2234;5646962,675;7,011437976;50,9573315;0
126324;5;3;15;0;2019;11;23;2;3;6;4;2;0;1;1;0;0;0;356631,3199;5643032,35;6,96019568;50,92109907;1
126325;5;3;15;0;2019;11;21;2;2;6;4;2;0;0;1;0;0;1;356312,7431;5643177,244;6,955609064;50,92232197;1
126369;5;3;15;0;2019;11;1;5;3;2;6;2;0;1;0;0;0;0;363964,1159;5642227,363;7,064759265;50,91563973;0
126437;5;3;15;0;2019;11;16;4;3;5;2;0;1;1;0;0;0;0;361602,548;5649994,613;7,028232359;50,9848845;0
126439;5;3;15;0;2019;11;8;2;3;2;6;0;0;1;0;0;0;0;360514,107;5650690,696;7,01246789;50,99087758;0
126440;5;3;15;0;2019;11;14;4;3;0;6;0;0;0;0;1;0;0;356297,3331;5648012,58;6,953482246;50,96577257;1
126441;5;3;15;0;2019;11;13;2;2;2;6;0;0;1;0;0;0;0;362764,1813;5644592,473;7,046809369;50,93661179;0
126442;5;3;15;0;2019;11;9;4;3;2;2;0;0;1;0;0;0;1;348542,3268;5645173,724;6,844303083;50,93827548;1
126443;5;3;15;0;2019;11;15;4;3;5;2;0;1;1;0;0;0;0;354046,5067;5636322,582;6,926125831;50,86015192;0
126505;5;3;15;0;2019;11;14;1;3;6;2;0;0;1;1;0;0;0;363475,8493;5640206,545;7,05857331;50,89736238;0
126506;5;3;15;0;2019;11;2;1;3;0;7;2;1;0;0;0;0;0;357513,4975;5641223,773;6,973444867;50,90506391;0
126507;5;3;15;0;2019;11;2;1;2;8;1;2;0;1;0;0;0;0;357061,348;5646230,219;6,965055496;50,94994478;0
126569;5;3;15;0;2019;11;0;1;3;7;7;2;0;1;0;0;0;0;365609,8886;5639863,827;7,089028107;50,89478273;0
126571;5;3;15;0;2019;11;14;4;3;2;6;0;0;1;0;0;1;0;357147,5645;5637875,981;6,969552738;50,87488683;0
126572;5;3;15;0;2019;11;17;1;3;2;6;2;0;1;0;0;0;0;349910,1548;5650612,745;6,861513174;50,98750976;0
126615;5;3;15;0;2019;11;22;7;3;2;6;2;0;1;0;0;0;0;351130,8687;5650597,879;6,87889925;50,98769315;0
126617;5;3;15;0;2019;11;17;7;3;5;3;2;0;1;0;1;0;0;355188,168;5644777,985;6,938983674;50,93642634;0
126677;5;3;15;0;2019;11;18;3;3;6;2;2;0;1;1;0;0;0;366775,2802;5638204,949;7,1061946;50,88014315;1
126680;5;3;15;0;2019;11;17;3;3;1;5;2;0;1;0;0;0;0;365627,1719;5638400,206;7,089811976;50,88163221;1
126682;5;3;15;0;2019;11;15;3;3;2;6;0;0;1;0;0;0;0;359680,4307;5641657,335;7,004077875;50,90949116;0
126685;5;3;15;0;2019;11;20;3;3;5;3;2;1;1;0;0;0;0;352729,581;5651228,365;6,901405809;50,99377023;1
126687;5;3;15;0;2019;11;18;3;3;2;2;2;1;1;0;0;0;0;353029,0265;5644894,558;6,908228679;50,93692772;1
126689;5;3;15;0;2019;11;15;3;3;5;2;0;1;1;0;0;0;0;354276,33;5644838,104;6,925991074;50,93673692;1
126698;5;3;15;0;2019;11;19;7;3;2;7;2;0;1;0;0;0;0;355237,6608;5651549,153;6,936992918;50,99728939;0
126699;5;3;15;0;2019;11;14;7;3;6;4;0;1;0;1;0;0;0;352290,914;5647404,514;6,896712903;50,9592949;0
126700;5;3;15;0;2019;11;17;7;3;2;6;1;0;1;0;0;0;0;355383,386;5646703,261;6,940995705;50,95377735;0
126701;5;3;15;0;2019;11;7;7;3;8;1;0;1;0;0;0;0;0;353018,6241;5643862,705;6,908496842;50,92765221;0
126702;5;3;15;0;2019;11;13;7;3;6;4;0;0;1;1;0;0;0;356838,06;5644038,927;6,962739902;50,93019644;0
126744;5;3;15;0;2019;11;14;3;3;3;6;0;0;1;0;0;1;0;363109,3833;5646330,729;7,051066048;50,95231621;1
126746;5;3;15;0;2019;11;6;3;2;2;6;2;0;1;0;0;1;0;355608,2127;5638953,971;6,947262155;50,88419209;0
126748;5;3;15;0;2019;11;17;3;3;2;6;2;0;1;0;0;0;0;359530,5256;5641640,468;7,001953483;50,90930311;1
126839;5;3;15;0;2019;11;15;6;3;4;2;0;0;1;0;0;0;0;365281,0887;5642891,328;7,083237971;50,92191612;0
126841;5;3;15;0;2019;11;18;6;3;2;6;1;0;1;0;0;0;0;356578,5196;5647104,559;6,9578419;50,95768241;0
126844;5;3;15;0;2019;11;17;6;3;2;6;2;0;1;0;0;0;0;348524,364;5645173,515;6,844047697;50,93826889;0
126846;5;3;15;0;2019;11;14;6;3;6;4;0;1;0;1;0;0;0;352421,0154;5647302,864;6,898605356;50,95841476;0
126848;5;3;15;0;2019;11;15;6;2;5;3;0;0;1;0;0;0;1;354545,9904;5647422,02;6,928794204;50,96002589;0
126851;5;3;15;0;2019;11;16;6;3;2;2;0;0;1;0;0;0;0;352074,4975;5651054,658;6,892148397;50,99204123;0
126853;5;3;15;0;2019;11;7;6;3;5;2;1;0;1;0;0;0;0;353842,7414;5642331,409;6,920829171;50,91410031;0
126891;5;3;15;0;2019;11;5;2;3;6;4;2;0;1;1;0;0;0;355369,3452;5648340,006;6,940145378;50,96848283;1
126892;5;3;15;0;2019;11;15;2;3;2;6;0;0;1;0;0;0;0;355856,6628;5646792,036;6,947694284;50,95469372;0
126893;5;3;15;0;2019;11;6;2;3;7;1;2;0;0;0;1;0;0;355059,1776;5638921,206;6,939475206;50,88376016;1
126895;5;3;15;0;2019;11;17;2;3;8;1;2;0;1;0;0;0;0;357468,2896;5635776,641;6,974926195;50,85609906;1
126897;5;3;15;0;2019;11;15;2;2;5;2;0;0;1;0;0;0;1;354401,845;5642603,166;6,928668721;50,91668384;1
126898;5;3;15;0;2019;11;7;2;3;5;3;2;1;1;0;0;0;0;356576,7492;5643031,699;6,959420047;50,92107966;1
127066;5;3;15;0;2019;11;19;2;3;3;1;2;0;1;0;0;1;0;360618,3961;5653669,991;7,012808914;51,01767801;1
127069;5;3;15;0;2019;11;11;2;3;9;1;0;0;1;0;0;0;0;357203,8434;5639195,888;6,969836523;50,88676279;1
127097;5;3;15;0;2019;11;18;1;3;9;4;2;0;1;1;0;0;0;361538,0898;5645197,65;7,029140178;50,9417576;1
127098;5;3;15;0;2019;11;15;5;3;2;6;0;0;1;0;0;1;0;362550,2087;5636923,141;7,046653218;50,86763338;0
127099;5;3;15;0;2019;11;8;5;2;6;4;0;0;1;1;0;0;0;360897,4972;5644277,125;7,020379249;50,93333045;0
127106;5;3;15;0;2019;11;17;5;3;6;7;1;0;1;1;0;0;0;360540,6396;5648883,828;7,013539071;50,97464547;0
127108;5;3;15;0;2019;11;17;5;3;6;4;2;0;1;1;0;0;0;359786,9687;5647403,294;7,003381446;50,96115679;0
127110;5;3;15;0;2019;11;8;5;3;2;6;0;0;1;0;0;0;0;355370,1297;5648340,116;6,940156499;50,96848402;0
127112;5;3;15;0;2019;11;19;5;3;6;2;2;0;1;1;0;0;0;352732,664;5647102,149;6,903120991;50,95669076;0
127113;5;3;15;0;2019;11;16;5;3;5;3;0;1;1;0;0;0;0;357096,1629;5643102,825;6,966777246;50,92184774;0
127148;5;3;15;0;2019;11;19;1;2;9;1;2;0;1;0;0;0;0;364176,571;5646033,622;7,066361321;50,94989846;1
127150;5;3;15;0;2019;11;17;1;2;2;6;2;0;1;0;0;0;0;349941,773;5650634,807;6,861954224;50,98771626;1
127152;5;3;15;0;2019;11;17;1;3;3;6;2;0;1;0;0;0;0;351494,7374;5652268,67;6,883396692;51,00280149;1
127206;5;3;15;0;2019;11;2;7;3;2;6;2;0;1;0;0;0;0;356281,497;5646998,066;6,953657571;50,95665138;0
127235;5;3;15;0;2019;11;15;5;2;6;2;0;0;1;1;0;0;0;364276,6336;5648046,257;7,067034371;50,96801047;0
127239;5;3;15;0;2019;11;9;5;3;0;1;0;0;0;0;1;0;0;359316,7448;5647721,07;6,996567009;50,96389804;2
127241;5;3;15;0;2019;11;17;5;3;1;6;2;0;1;0;0;0;0;354999,484;5635103,881;6,94014014;50,84943932;1
127244;5;3;15;0;2019;11;7;5;3;0;1;2;0;0;0;1;0;0;353213,6538;5641509,194;6,912217093;50,90655169;0
127279;5;3;15;0;2019;11;15;7;3;2;6;0;0;1;0;0;0;0;357941,3144;5646586,135;6,97743588;50,95336092;0
127281;5;3;15;0;2019;11;16;7;2;0;1;0;0;0;0;0;0;1;354481,7057;5643693,454;6,929369022;50,92650213;0
127427;5;3;15;0;2019;11;11;4;3;6;4;0;0;1;1;0;0;0;351185,0268;5651995,826;6,879097548;51,00026959;0
127429;5;3;15;0;2019;11;19;4;3;1;7;2;1;1;0;0;0;0;356504,1529;5646415,174;6,957055482;50,9514685;0
127431;5;3;15;0;2019;11;13;4;3;6;4;0;0;0;1;0;0;1;353991,7808;5644849,314;6,921939587;50,93676569;0
127490;5;3;15;0;2019;11;18;6;3;6;4;2;0;1;1;0;0;0;363224,97;5639142,316;7,055406371;50,88773828;0
127492;5;3;15;0;2019;11;7;6;2;0;1;0;1;0;0;0;0;0;361163,02;5649465,038;7,022176635;50,98001929;1
127496;5;3;15;0;2019;11;11;6;3;0;7;0;0;1;0;0;0;0;355932,5497;5646843,961;6,948753465;50,95517934;1
127498;5;3;15;0;2019;11;17;6;2;2;7;2;0;1;0;0;0;0;355861,9844;5650226,129;6,946409;50,98555645;0
127501;5;3;15;0;2019;11;13;6;3;0;7;0;1;0;0;0;0;0;351403,0461;5645024,939;6,88505043;50,93768271;0
127505;5;3;15;0;2019;11;14;6;3;4;7;0;1;0;1;0;0;0;352062,7626;5644975,298;6,894453399;50,93740622;0
127506;5;3;15;0;2019;11;13;6;3;2;7;0;0;1;0;1;0;0;357478,899;5635557,86;6,975162006;50,85413547;0
127638;5;3;15;0;2019;11;9;3;3;1;6;0;0;0;0;1;1;0;361610,8363;5640454,123;7,031974882;50,89914353;1
127640;5;3;15;0;2019;11;8;3;3;5;7;0;0;1;0;0;0;0;365787,5639;5644445,969;7,089867368;50,93600666;1
127642;5;3;15;0;2019;11;18;3;3;9;1;2;0;1;0;0;0;0;364550,6013;5643216,696;7,07273011;50,92466935;1
127644;5;3;15;0;2019;11;9;3;2;5;2;0;0;1;0;1;0;0;361872,678;5648002,997;7,032835174;50,96705026;1
127646;5;3;15;0;2019;11;10;3;2;5;3;0;0;1;0;0;1;0;358210,1452;5647873,948;6,980759061;50,96500067;1
127649;5;3;15;0;2019;11;16;3;3;2;6;2;0;1;0;0;0;0;356352,344;5647357,236;6,954523875;50,95989684;1
127650;5;3;15;0;2019;11;12;3;3;0;7;0;1;1;0;0;0;0;349542,0129;5644546,224;6,858780034;50,93289827;1
127651;5;3;15;0;2019;11;16;3;3;0;4;1;0;1;1;0;0;0;349253,3568;5645130,501;6,854433449;50,93807338;0
127655;5;3;15;0;2019;11;14;3;3;2;6;0;0;1;0;0;0;0;355051,0795;5646318,032;6,936421085;50,95023192;1
127658;5;3;15;0;2019;11;6;3;3;0;1;1;0;0;0;0;0;1;356949,0759;5643092,925;6,9646898;50,92172232;0
127659;5;3;15;0;2019;11;20;3;3;0;3;2;1;1;0;0;0;0;356685,0919;5644674,258;6,960314742;50,93586811;1
127660;5;3;15;0;2019;11;13;3;3;6;2;0;0;1;1;0;0;0;356179,9286;5644620,723;6,953151187;50,93526124;1
127789;5;3;15;0;2019;11;18;4;3;3;6;2;0;1;0;0;1;0;366012,3056;5642414,217;7,093810724;50,91779829;1
127816;5;3;15;0;2019;11;20;3;3;2;6;2;0;1;0;0;0;0;358303,9098;5644793,761;6,983292252;50,9373421;0
127817;5;3;15;0;2019;11;13;3;3;0;6;0;1;0;0;0;0;0;354798,2969;5645570,042;6,933123057;50,94344632;0
127871;5;3;15;0;2019;11;17;1;3;1;6;2;0;1;0;0;0;0;361041,3968;5646048,417;7,021750164;50,94928414;0
127933;5;3;15;0;2019;11;17;2;3;5;3;2;1;1;0;0;0;0;366408,6788;5641470,872;7,099791849;50,9094117;0
127934;5;3;15;0;2019;11;17;2;3;6;6;1;1;0;1;0;0;0;359226,8606;5652987,353;6,993247375;51,01120419;0
127935;5;3;15;0;2019;11;10;2;3;0;7;0;1;0;0;0;0;0;354568,8856;5647471,53;6,929100208;50,96047659;0
127936;5;3;15;0;2019;11;12;2;3;6;4;0;0;0;1;0;0;1;356086,8837;5643341,864;6,952332749;50,9237451;0
127991;5;3;15;0;2019;11;9;2;3;2;6;0;0;1;0;0;0;0;354493,0031;5647328,18;6,928077735;50,95916919;0
127992;5;3;15;0;2019;11;16;2;3;2;6;2;0;1;0;0;1;0;346771,5017;5644274,755;6,819496295;50,92972945;0
128026;5;3;15;0;2019;11;15;6;3;2;6;0;0;1;0;0;0;0;357116,017;5636692,268;6,969567024;50,86424093;0
128028;5;3;15;0;2019;11;17;6;3;2;6;2;0;1;0;0;0;0;362049,6139;5646563,224;7,035899279;50,95415303;0
128030;5;3;15;0;2019;11;17;6;2;2;6;2;0;1;0;0;0;0;353156,4861;5652479,019;6,906979025;51,00511831;0
128092;5;3;15;0;2019;11;14;5;3;0;1;0;1;0;0;0;0;0;366649,333;5638844,953;7,104171787;50,8858663;1
128093;5;3;15;0;2019;11;19;5;3;4;2;2;0;1;0;0;0;0;366181,93;5638356,865;7,097709399;50,88137142;1
128094;5;3;15;0;2019;11;17;5;3;2;6;2;0;1;0;0;0;0;365069,394;5641629,592;7,080694494;50,9105267;1
128095;5;3;15;0;2019;11;7;5;2;6;4;1;0;1;1;0;0;0;360972,435;5640912,751;7,022727344;50,903112;1
128096;5;3;15;0;2019;11;17;5;3;5;2;2;1;1;0;0;0;0;360611,8478;5646326,653;7,015532394;50,95168098;1
128097;5;3;15;0;2019;11;16;5;3;5;3;1;1;1;0;0;0;0;360483,4142;5648824,37;7,01274729;50,97409725;1
128098;5;3;15;0;2019;11;14;5;3;2;6;0;0;1;0;0;0;1;350397,8117;5648522,345;6,86931644;50,96885173;1
128099;5;3;15;0;2019;11;9;5;3;1;5;0;1;1;0;0;0;0;353390,6258;5645948,674;6,912947264;50,9464927;1
128100;5;3;15;0;2019;11;19;5;3;9;1;2;0;1;0;0;0;0;354576,1035;5643438,402;6,930813028;50,92423384;1
128181;5;3;15;0;2019;11;15;5;2;2;6;0;0;1;0;0;0;0;367109,6861;5641787,634;7,109641834;50,91242048;1
128183;5;3;15;0;2019;11;7;5;3;2;6;1;0;1;0;0;0;0;348806,2789;5643664,37;6,848683156;50,9247813;1
128233;5;3;15;0;2019;11;19;4;3;2;6;2;0;1;0;0;0;0;354400,5717;5645607,474;6,927450621;50,9436824;1
128234;5;3;15;0;2019;11;18;4;2;0;1;2;1;0;0;0;0;0;352019,2799;5643607,608;6,894390225;50,92510428;1
128235;5;3;15;0;2019;11;14;4;3;2;6;0;0;1;0;0;0;0;353132,0704;5640810,894;6,911338452;50,90025555;0
128236;5;3;15;0;2019;11;9;4;3;6;7;0;1;0;1;0;0;0;354491,8054;5643667,674;6,929522921;50,926273;0
128237;5;3;15;0;2019;11;7;4;3;1;7;1;0;1;0;0;1;0;356621,6495;5644101,561;6,95963773;50,93070557;0
128338;5;3;15;0;2019;12;6;2;3;9;3;2;0;1;0;0;0;0;356496,8734;5651730,346;6,954854054;50,99923312;1
128339;5;3;15;0;2019;12;5;2;3;6;7;2;0;0;1;0;0;1;347566,3838;5647351,689;6,829511431;50,9575898;0
128340;5;3;15;0;2019;12;16;2;3;3;6;2;0;1;0;0;1;0;356940,5796;5634842,619;6,967798515;50,84757465;1
128341;5;3;15;0;2019;12;9;2;2;0;1;0;1;0;0;0;0;0;353245,0361;5643996,653;6,911662409;50,92891359;1