OBJECTID;ULAND;UREGBEZ;UKREIS;UGEMEINDE;UJAHR;UMONAT;USTUNDE;UWOCHENTAG;UKATEGORIE;UART;UTYP1;ULICHTVERH;IstRad;IstPKW;IstFuss;IstKrad;IstGkfz;IstSonstige;LINREFX;LINREFY;XGCSWGS84;YGCSWGS84;STRZUSTAND
128410;5;3;15;0;2019;12;8;2;3;2;6;0;0;1;0;0;1;0;351070,695;5651182,138;6,877802994;50,99292795;0
128432;5;3;15;0;2019;12;0;1;1;6;4;2;0;1;1;0;0;0;359586,4949;5650552,283;6,999312453;50,9894081;0
128433;5;3;15;0;2019;12;16;1;3;5;2;0;0;1;0;0;0;1;354388,3038;5642621,319;6,928468968;50,91684356;0
128454;5;3;15;0;2019;12;14;1;3;2;6;0;0;1;0;0;0;0;356663,3222;5633100,212;6,964544269;50,83184689;0
128495;5;3;15;0;2019;11;17;7;3;2;6;1;0;1;0;0;0;0;357942,3505;5646585,031;6,977451053;50,95335126;0
128496;5;3;15;0;2019;11;16;7;3;5;2;0;1;1;0;0;0;0;356158,976;5648789,025;6,951206131;50,9727158;0
128497;5;3;15;0;2019;11;13;7;3;0;1;0;0;0;0;0;0;1;357126,0005;5643129,057;6,967191209;50,92209088;1
128581;5;3;15;0;2019;11;10;6;2;9;7;0;0;0;0;0;1;0;364000,9542;5642053,214;7,065347923;50,91408325;0
128582;5;3;15;0;2019;11;16;6;3;0;7;2;0;1;0;1;0;0;357330,9906;5637570,506;6,972277311;50,87218681;1
128584;5;3;15;0;2019;11;15;6;3;2;6;0;0;1;0;0;0;0;354117,7565;5640390,13;6,92551448;50,89672411;0
128665;5;3;15;0;2019;12;8;5;3;2;6;0;0;1;0;0;0;0;348874,0501;5644901,388;6,849133889;50,93591523;0
128666;5;3;15;0;2019;12;8;5;3;2;7;0;0;1;0;0;0;0;348874,1649;5644903,244;6,849134752;50,93593194;0
128667;5;3;15;0;2019;12;8;5;3;2;6;0;0;0;0;0;1;0;350310,4561;5642663,501;6,870480794;50,91617931;0
128668;5;3;15;0;2019;12;19;5;3;2;6;2;0;1;0;0;0;0;358057,3504;5639764,941;6,981741873;50,89208725;0
128718;5;3;15;0;2019;12;14;4;3;6;4;0;0;1;1;0;0;0;365081,1565;5638512,135;7,082013372;50,88251094;0
128719;5;3;15;0;2019;12;17;4;3;2;6;2;0;1;0;0;0;0;365020,3338;5638865,536;7,081018722;50,88567298;0
128720;5;3;15;0;2019;12;13;4;3;1;2;0;0;1;0;0;0;0;357940,1175;5646587,41;6,977418353;50,95337209;0
128721;5;3;15;0;2019;12;17;4;3;2;6;1;0;1;0;0;1;0;357940,9553;5646586,517;6,977430622;50,95336427;0
128722;5;3;15;0;2019;12;9;4;3;5;3;0;0;1;0;1;0;0;360483,9486;5648825,443;7,012754485;50,97410703;1
128723;5;3;15;0;2019;12;17;4;3;5;3;2;0;0;0;1;0;1;354295,3053;5647273,268;6,925286608;50,95862576;0
128724;5;3;15;0;2019;12;15;4;3;6;4;0;0;0;1;0;0;1;353578,0021;5646449,378;6,915411428;50,95103996;0
128725;5;3;15;0;2019;12;15;4;3;5;3;0;1;0;0;1;0;0;353875,841;5641853,667;6,921491012;50,90981536;0
128812;5;3;15;0;2019;12;17;4;3;2;6;2;0;1;0;0;0;1;348730,3177;5643704,312;6,847586558;50,92512032;0
128830;5;3;15;0;2019;12;10;6;3;1;6;0;0;1;0;0;0;0;348475,2889;5642732,719;6,84436415;50,91632241;1
128889;5;3;15;0;2019;12;7;3;3;5;2;1;1;1;0;0;0;0;362790,3125;5637556,396;7,049825746;50,87338179;1
128891;5;3;15;0;2019;12;7;3;2;0;1;2;0;0;0;1;0;0;358181,93;5644798,103;6,981555621;50,93735114;1
128892;5;3;15;0;2019;12;10;3;2;0;1;0;1;0;0;0;0;0;353139,141;5645067,897;6,909724908;50,9385135;1
128913;5;3;15;0;2019;12;13;5;3;2;6;0;0;1;0;0;0;0;348838,6114;5644897,151;6,848631652;50,93586787;0
128916;5;3;15;0;2019;12;11;5;3;0;1;0;1;0;0;0;0;1;359723,7039;5644832,06;7,003471726;50,93803342;0
128918;5;3;15;0;2019;12;18;5;3;1;5;1;1;1;0;0;0;0;359586,5061;5644806,501;7,001530132;50,93777034;0
128920;5;3;15;0;2019;12;11;5;3;0;5;0;0;1;1;0;0;0;363105,7752;5648455,83;7,050215181;50,97141438;0
128921;5;3;15;0;2019;12;20;5;2;5;3;2;1;0;0;0;0;1;361612,8078;5647925,821;7,029165886;50,9662943;0
128924;5;3;15;0;2019;12;8;5;3;0;5;0;1;1;0;0;0;0;356519,4022;5646614,578;6,95719385;50,95326431;0
128926;5;3;15;0;2019;12;7;5;3;5;3;2;0;1;0;0;0;0;353923,9181;5636873,191;6,924165374;50,86506918;0
128931;5;3;15;0;2019;12;22;5;3;1;5;2;1;0;0;0;0;1;355253,0575;5645144,117;6,939761115;50,93973298;0
129026;5;3;15;0;2019;12;15;2;3;3;6;1;0;1;0;0;0;0;361970,005;5647047,1;7,034583042;50,95848269;1
129050;5;3;15;0;2019;12;17;1;3;8;1;2;0;1;0;0;0;0;350874,6715;5645059,053;6,87752173;50,93785287;1
129051;5;3;15;0;2019;12;16;1;3;9;7;0;1;0;0;0;0;0;356250,6886;5644601,95;6,954164962;50,93511017;1
129112;5;3;15;0;2019;12;6;7;3;4;6;2;0;1;0;0;0;0;363248,9327;5639044,39;7,055783499;50,88686384;1
129113;5;3;15;0;2019;12;13;7;3;5;3;0;1;1;0;0;0;0;356507,295;5646459,705;6,957082635;50,95186947;0
129114;5;3;15;0;2019;12;22;7;3;2;6;2;0;1;0;0;0;0;353480,2024;5654895,37;6,910613778;51,02691538;0
129115;5;3;15;0;2019;12;11;7;3;0;1;0;0;0;0;0;0;1;356523,091;5646707,207;6,957209826;50,95409766;1
129116;5;3;15;0;2019;12;18;7;3;5;7;2;0;1;0;0;0;1;354757,3147;5646120,81;6,932320452;50,9483856;0
129117;5;3;15;0;2019;12;12;7;3;0;1;0;1;0;0;0;0;0;353935,83;5646736,874;6,920386833;50,95371438;1
129147;5;3;15;0;2019;12;15;7;2;2;6;0;0;1;0;0;0;0;366085,4221;5635425,171;7,097411543;50,85499977;0
129148;5;3;15;0;2019;12;16;7;3;2;6;2;0;1;0;0;0;0;357140,9942;5638050,591;6,969391194;50,87645442;0
129149;5;3;15;0;2019;12;8;7;2;3;1;0;0;1;0;0;0;0;348152,6525;5658849,855;6,833041502;51,06106781;1
129193;5;3;15;0;2019;12;14;3;2;1;6;0;0;1;0;0;0;0;360505,0339;5650804,596;7,012294949;50,991899;0
129195;5;3;15;0;2019;12;8;3;2;2;6;0;0;0;0;0;1;0;350081,4011;5642837,028;6,867153302;50,91767925;0
129233;5;3;15;0;2019;12;8;6;3;0;3;0;1;1;0;0;0;0;358974,9137;5644712,45;6,99286759;50,93677584;1
129235;5;3;15;0;2019;12;15;6;3;0;1;1;1;0;0;0;0;0;354846,5043;5652473,325;6,931052925;51,00549605;1
129236;5;3;15;0;2019;12;16;6;3;5;3;2;0;1;0;0;0;0;353991,6336;5644849,302;6,921937498;50,93676555;0
129237;5;3;15;0;2019;12;9;6;3;6;4;0;1;0;1;0;0;0;353382,2073;5646661,999;6,912540277;50,95290093;1
129240;5;3;15;0;2019;12;11;6;2;5;3;0;0;1;0;0;1;0;355464,1822;5635207,602;6,946696114;50,85048775;1
129241;5;3;15;0;2019;12;7;6;3;0;1;2;1;0;0;0;0;0;357182,939;5638791,014;6,969697739;50,883119;2
129243;5;3;15;0;2019;12;11;6;3;5;3;0;1;1;0;0;0;0;354482,316;5641761,909;6,930148231;50,90914396;1
129245;5;3;15;0;2019;12;7;6;3;0;1;2;1;0;0;0;0;0;354528,9091;5642782,295;6,930403684;50,91832568;1
129291;5;3;15;0;2019;12;21;2;3;5;3;2;0;1;0;0;0;0;348509,931;5656633,934;6,839063482;51,04124989;1
129294;5;3;15;0;2019;12;18;2;3;6;4;2;0;0;1;0;0;1;353754,2854;5646485,046;6,917905047;50,95140526;1
129296;5;3;15;0;2019;12;9;2;3;1;1;0;1;1;0;0;0;0;351976,3231;5647671,295;6,892128039;50,9616116;1
129300;5;3;15;0;2019;12;9;2;3;5;2;0;1;1;0;0;0;0;353537,124;5646493,693;6,914812038;50,95142782;0
129303;5;3;15;0;2019;12;6;2;3;5;3;2;1;0;0;0;0;1;354789,1154;5646160,32;6,932757098;50,94874867;0
129305;5;3;15;0;2019;12;16;2;3;8;1;2;0;1;0;0;0;0;356724,3895;5641107,104;6,962274908;50,90382012;1
129308;5;3;15;0;2019;12;16;2;3;5;3;2;1;1;0;0;0;0;353071,3712;5640723,396;6,910511047;50,89945379;1
129370;5;3;15;0;2019;12;15;5;3;3;6;0;0;1;0;0;0;1;365330,9956;5642586,298;7,084060246;50,91918628;0
129372;5;3;15;0;2019;12;15;5;3;2;6;0;0;1;0;0;0;0;353212,5205;5652537,467;6,907753499;51,00565786;0
129426;5;3;15;0;2019;12;7;4;3;5;2;2;0;1;1;0;0;0;364943,9247;5639222,175;7,079801264;50,88886045;0
129427;5;3;15;0;2019;12;9;4;3;2;6;0;0;1;0;0;0;0;357940,5316;5646586,969;6,977424416;50,95336822;1
129428;5;3;15;0;2019;12;7;4;2;4;6;1;1;0;0;0;0;0;359329,3111;5647725,062;6,996744302;50,96393699;1
129429;5;3;15;0;2019;12;7;4;3;5;3;2;0;1;0;0;0;0;354755,541;5638226,64;6,935437573;50,87744196;1
129527;5;3;15;0;2019;12;19;4;3;2;6;2;0;0;0;0;1;0;360607,9925;5651663,148;7,013431551;50,99963984;1
129529;5;3;15;0;2019;12;6;4;3;3;6;2;0;1;0;0;1;0;349078,4455;5649189,96;6,850262616;50,97450689;1
129576;5;3;15;0;2019;12;15;6;3;2;6;0;0;1;0;0;0;0;362204,4391;5642626,77;7,039590866;50,91881187;1
129578;5;3;15;0;2019;12;14;6;3;2;6;0;0;1;0;0;1;0;361998,9075;5646909,79;7,035046393;50,95725558;1
129620;5;3;15;0;2019;12;7;3;3;2;6;2;0;1;0;1;0;0;365588,717;5635782,972;7,090227413;50,85810035;1
129621;5;3;15;0;2019;12;8;3;3;6;4;0;0;1;1;0;0;0;360121,5563;5644932,522;7,00909206;50,93903294;0
129624;5;3;15;0;2019;12;14;3;3;3;5;0;0;1;0;1;0;0;360383,4164;5647563,397;7,011807884;50,96274049;0
129625;5;3;15;0;2019;12;15;3;3;5;2;0;1;1;0;0;0;0;354191,129;5644819,757;6,924786644;50,93655051;0
129668;5;3;15;0;2019;12;15;5;2;5;3;0;1;1;0;0;0;0;360055,087;5648488,613;7,006779422;50,97097585;0
129789;5;3;15;0;2019;12;12;1;3;2;6;0;0;1;0;0;0;0;366043,009;5634132,488;7,097282183;50,84337161;1
129790;5;3;15;0;2019;12;0;1;3;8;1;2;0;1;0;0;0;0;364650,5356;5647660,74;7,072499681;50,96463363;1
129791;5;3;15;0;2019;12;16;1;3;0;2;0;1;0;0;0;0;1;356350,0698;5647501,843;6,954434428;50,96119582;0
129792;5;3;15;0;2019;12;20;1;3;0;7;2;1;0;0;0;0;0;354250,1685;5645182,762;6,92548112;50,93982765;0
129793;5;3;15;0;2019;12;2;1;3;3;7;2;0;1;0;0;0;1;355214,7314;5644513,545;6,939466537;50,93405655;1
129821;5;3;15;0;2019;12;2;1;3;9;1;2;0;1;0;0;0;0;361421,6526;5642240,011;7,028608161;50,9151485;1
129893;5;3;15;0;2019;12;20;7;3;2;6;2;0;1;0;0;0;0;358187,221;5645365,375;6,981410062;50,94245052;1
129895;5;3;15;0;2019;12;15;7;3;0;1;0;0;0;0;1;0;0;355691,9094;5650637,351;6,943824214;50,98920938;1
129897;5;3;15;0;2019;12;16;7;2;8;1;2;1;1;0;0;0;0;352074,9898;5651054,984;6,892155275;50,99204428;1
129900;5;3;15;0;2019;12;20;3;3;8;1;2;1;0;0;0;0;0;354845,597;5645534,1;6,933810207;50,94313523;1
129901;5;3;15;0;2019;12;5;7;3;9;7;2;0;1;0;0;0;0;354348,609;5645495,487;6,926756251;50,94266289;1
129902;5;3;15;0;2019;12;20;7;3;2;5;2;0;1;0;0;0;0;355294,9586;5644751,116;6,940513178;50,93621168;1
129903;5;3;15;0;2019;12;16;3;3;6;4;2;1;0;1;0;0;0;353620,981;5646402,845;6,916041588;50,9506327;0
129904;5;3;15;0;2019;12;12;3;3;5;2;0;0;1;0;0;0;0;356616,9951;5646263,669;6,958720586;50,95013503;0
130014;5;3;15;0;2019;12;11;7;2;2;6;0;0;1;0;0;0;0;357063,6726;5636084,19;6,969061199;50,85876317;1
130016;5;3;15;0;2019;12;18;7;2;2;6;2;0;1;0;0;0;1;365942,2328;5638814,169;7,09413626;50,88542597;1
130019;5;3;15;0;2019;12;15;7;3;3;6;0;0;1;0;0;1;0;354713,5383;5639357,49;6,934391447;50,88759416;1
130102;5;3;15;0;2019;12;12;2;3;6;7;0;0;1;1;0;0;0;360509,6554;5648823,352;7,013121216;50,97409446;1
130103;5;3;15;0;2019;12;17;2;3;2;6;0;0;1;0;0;0;0;350833,2778;5652379,349;6,873930544;51,00362496;0
130105;5;3;15;0;2019;12;19;2;3;2;6;2;0;1;0;1;0;0;352404,3004;5647315,667;6,898362327;50,95852553;1
130107;5;3;15;0;2019;12;9;2;3;4;7;0;0;1;0;0;0;0;356687,3504;5634925,852;6,964171173;50,84825999;1
130109;5;3;15;0;2019;12;16;2;3;5;2;2;1;1;0;0;0;0;358572,8052;5638838,488;6,989424787;50,88388754;1
130110;5;3;15;0;2019;12;21;2;3;5;3;2;1;1;0;0;0;0;355452,906;5644699,21;6,942780174;50,93578482;1
130111;5;3;15;0;2019;12;12;2;3;1;5;0;1;1;0;0;0;0;355302,3597;5645416,961;6,940353995;50,94219734;1
130132;5;3;15;0;2019;12;18;6;2;6;4;2;0;0;1;0;0;1;352464,9462;5644949,916;6,900183719;50,93728116;1
130133;5;3;15;0;2019;12;22;6;3;1;6;2;0;1;0;0;0;0;354788,2804;5646138,726;6,93275383;50,9485544;1
130136;5;3;15;0;2019;12;13;6;2;0;4;0;0;1;1;0;0;0;353672,9048;5646341,098;6,916805105;50,950091;1
130138;5;3;15;0;2019;12;10;6;3;5;2;0;1;1;0;0;0;0;354741,601;5644805,463;6,932621428;50,93656097;1
130208;5;3;15;0;2019;12;7;2;2;2;6;2;0;1;0;0;0;0;365920,6578;5633853,459;7,095647459;50,84083542;0
130212;5;3;15;0;2019;12;17;2;3;2;6;2;0;1;0;0;0;0;353804,6362;5653126,971;6,915949796;51,01110623;1
130285;5;3;15;0;2019;12;0;5;3;9;1;2;0;1;0;0;0;0;361162,1582;5649385,02;7,022194929;50,97929995;0
130289;5;3;15;0;2019;12;21;5;3;1;1;2;1;0;0;0;0;1;356216,6336;5646973,13;6,952744491;50,9564111;0
130291;5;3;15;0;2019;12;16;5;3;2;6;0;0;1;0;0;0;0;356572,2737;5647114,627;6,957749059;50,95777134;0
130292;5;3;15;0;2019;12;13;1;3;2;6;0;0;1;0;0;0;0;351477,131;5644622,09;6,886268289;50,9340816;0
130293;5;3;15;0;2019;12;21;1;3;2;6;2;0;1;0;0;0;0;354690,336;5643010,542;6,932607753;50,92041755;1
130294;5;3;15;0;2019;12;9;5;3;1;2;0;0;1;0;0;0;0;350397,8117;5648522,345;6,86931644;50,96885173;0
130296;5;3;15;0;2019;12;12;5;3;0;1;0;1;0;0;0;0;0;354951,1623;5646366,345;6,934980346;50,95064096;0
130298;5;3;15;0;2019;12;18;5;3;3;6;2;0;1;0;1;0;0;353400,5367;5641194,265;6,914999771;50,90376901;0
130299;5;3;15;0;2019;12;18;5;3;5;3;2;1;1;0;0;0;0;354919,1251;5641483,82;6,936467654;50,90675478;0
130302;5;3;15;0;2019;12;14;5;2;6;7;0;0;0;1;0;0;1;355219,8247;5644664,191;6,939479124;50,93541164;0
130398;5;3;15;0;2019;12;22;7;2;6;4;2;0;1;1;0;0;0;357540,6195;5644026,951;6,97273562;50,93026275;0
130399;5;3;15;0;2019;12;15;7;2;6;4;0;0;0;1;1;0;0;356305,0617;5647925,324;6,953626703;50,96499035;0
130401;5;3;15;0;2019;12;12;7;3;2;6;0;0;1;0;0;0;0;354617,3736;5641662,425;6,932107588;50,90828396;0
130467;5;3;15;0;2019;12;13;7;3;2;6;0;0;1;0;0;0;0;360491,5007;5654980,573;7,010496638;51,02942549;0
130469;5;3;15;0;2019;12;9;7;3;9;1;0;0;1;0;0;0;0;362216,6963;5645884,965;7,038533344;50,94809728;0
130551;5;3;15;0;2019;12;12;4;3;6;2;0;0;1;1;0;0;0;365238,6596;5642876,726;7,082640052;50,92177497;0
130553;5;3;15;0;2019;12;10;4;3;6;2;0;0;1;1;0;0;0;365180,4352;5645578,357;7,0808127;50,94604243;0
130555;5;3;15;0;2019;12;8;4;2;4;6;0;1;0;0;0;0;0;357927,0263;5646580,948;6,977234613;50,95331078;1
130556;5;3;15;0;2019;12;17;6;3;4;6;2;0;1;0;0;0;0;350837,9848;5652374,343;6,873999641;51,0035812;0
130557;5;3;15;0;2019;12;8;4;2;5;3;0;1;0;0;0;0;1;351225,8482;5648232,023;6,881219704;50,96645723;1
130558;5;3;15;0;2019;12;14;4;3;5;3;0;1;1;0;0;0;0;359065,668;5636778,562;6,99722082;50,86549502;0
130559;5;3;15;0;2019;12;17;6;3;6;4;2;0;1;1;0;0;0;348541,9458;5645153,384;6,844306119;50,9380926;0
130560;5;3;15;0;2019;12;17;6;3;5;7;2;1;1;0;0;0;0;353566,7563;5646461,554;6,915246539;50,95114652;0
130562;5;3;15;0;2019;12;15;4;3;0;7;0;0;0;0;0;0;1;354510,8712;5643568,08;6,929833764;50,92538278;0
130564;5;3;15;0;2019;12;0;4;3;4;6;2;1;1;0;0;0;0;355436,552;5645710,735;6,942146193;50,94487108;1
130702;5;3;15;0;2019;12;17;6;3;2;6;2;0;1;0;0;0;0;360669,0068;5652170,854;7,014105687;51,00421742;0
130704;5;3;15;0;2019;12;16;6;3;3;6;2;0;1;0;0;1;0;362357,7326;5645406,444;7,040720717;50,94383035;0
130782;5;3;15;0;2019;12;17;6;3;2;2;2;1;1;0;0;0;0;366456,7475;5640386,435;7,100871894;50,89967622;0
130784;5;3;15;0;2019;12;20;6;3;3;7;2;0;1;0;0;0;1;358000,7781;5645056,69;6,978878285;50,93963049;0
130785;5;3;15;0;2019;12;20;6;3;5;2;2;0;1;0;0;0;0;354208,9009;5636701,587;6,928280707;50,86359895;0
130787;5;3;15;0;2019;12;8;6;3;4;2;1;1;1;0;0;0;0;355186,0009;5643734,454;6,939367454;50,92704781;0
130851;5;3;15;0;2019;12;13;6;3;2;6;0;0;1;0;0;0;0;354401,5334;5647515,068;6,926701404;50,96082559;1
130869;5;3;15;0;2019;12;21;3;3;2;6;2;0;1;0;0;0;0;358337,14;5645557,788;6,983467789;50,9442166;2
130872;5;3;15;0;2019;12;13;3;3;2;6;0;0;1;0;0;0;1;353552,0201;5648798,578;6,914096298;50,97214468;0
130875;5;3;15;0;2019;12;6;5;2;8;1;0;0;1;0;0;0;0;362967,9925;5645280,858;7,049449362;50,94284704;1
130877;5;3;15;0;2019;12;9;5;3;1;7;0;1;1;0;0;0;0;353441,5566;5646045,537;6,913632793;50,94737613;1
130878;5;3;15;0;2019;12;9;5;3;5;3;0;1;1;0;0;0;0;357218,0071;5638501,534;6,970309014;50,8805261;1
130920;5;3;15;0;2019;12;10;5;2;9;1;0;0;0;0;1;0;0;361792,9388;5648262,447;7,031601686;50,96936287;1
130958;5;3;15;0;2019;12;21;4;2;5;2;2;0;1;0;0;0;0;365325,7861;5638850,723;7,085364147;50,88561114;1
130969;5;3;15;0;2019;12;15;2;3;2;4;0;1;1;1;0;0;0;359771,5944;5644842,677;7,004148814;50,93814049;0
130977;5;3;15;0;2019;12;12;2;2;2;6;0;0;1;0;0;0;0;357941,6974;5646585,727;6,977441488;50,95335735;0
130979;5;3;15;0;2019;12;22;2;3;5;3;2;0;1;0;0;0;0;355692,5;5644687,437;6,946192435;50,93573903;0
130996;5;3;15;0;2019;12;18;4;3;3;6;2;0;1;0;0;0;1;357130,7235;5636859,295;6,969710647;50,86574565;1
130997;5;3;15;0;2019;12;0;4;2;9;6;2;0;1;0;0;0;0;363150,2765;5646302,493;7,051658505;50,95207215;1
130998;5;3;15;0;2019;12;18;4;3;2;6;2;0;1;0;0;0;0;364103,886;5641366,281;7,067067105;50,90793368;1
131000;5;3;15;0;2019;12;14;4;3;2;6;0;0;1;0;0;0;0;354414,9381;5653648,722;6,924434303;51,01594979;1
131033;5;3;15;0;2019;12;7;3;3;6;4;2;0;1;1;0;0;0;362349,107;5636957,075;7,043784302;50,86789051;1
131035;5;3;15;0;2019;12;15;3;3;9;1;0;0;1;0;0;0;0;351198,743;5645042,487;6,882137583;50,93778772;1
131093;5;3;15;0;2019;12;1;1;2;0;7;2;0;0;1;0;0;1;349474,0591;5645115,912;6,857578367;50,93799993;0
131126;5;3;15;0;2019;12;14;2;3;0;2;0;0;0;0;0;1;1;360237,886;5647086,047;7,009920155;50,9584152;1
131128;5;3;15;0;2019;12;15;2;3;5;3;0;1;1;0;0;0;0;359955,1572;5647764,081;7,00563601;50,96444012;1
131131;5;3;15;0;2019;12;16;2;3;0;5;2;1;1;0;0;0;0;354079,6704;5646021,424;6,922720075;50,94732131;1
131132;5;3;15;0;2019;12;18;2;3;0;7;2;0;1;0;1;0;0;351718,4831;5643680,128;6,890083811;50,92567876;1
131167;5;3;15;0;2019;12;14;7;3;5;3;0;0;1;0;0;0;1;349138,1541;5643085,549;6,85364126;50,91966672;0
232806;5;3;15;0;2019;1;16;6;2;0;1;0;1;0;0;0;0;0;359603,64;5645803,974;7,001389388;50,94673891;1
232807;5;3;15;0;2019;1;8;6;3;5;3;0;0;1;0;1;0;0;351385,8903;5654551,315;6,880911427;51,02328597;1
232808;5;3;15;0;2019;1;19;6;2;0;5;2;0;1;0;1;0;0;351929,1031;5649058,429;6,890891438;50,97406488;1
232809;5;3;15;0;2019;1;17;6;3;1;5;2;1;1;0;0;0;0;360184,8389;5636742,308;7,013128648;50,86544094;1
232810;5;3;15;0;2019;1;13;6;3;1;5;0;1;1;0;0;0;0;355212,9896;5641958,794;6,940456065;50,91109707;1
232811;5;3;15;0;2019;1;14;6;3;5;3;0;1;1;0;0;0;0;356392,9944;5645431,733;6,955861811;50,94260277;1
232857;5;3;15;0;2019;1;17;5;3;9;7;2;0;1;0;0;0;0;362059,4794;5651317,158;7,034236002;50,99688016;1
232858;5;3;15;0;2019;1;17;5;2;0;7;1;0;1;0;0;0;0;352422,3063;5653031,292;6,896297409;51,00989341;1
232859;5;3;15;0;2019;1;16;5;3;0;1;1;0;0;0;1;0;0;354024,8023;5639230,845;6,924656792;50,88628241;1
232860;5;3;15;0;2019;1;14;5;3;5;2;0;0;1;0;0;0;0;357420,8024;5636007,739;6,974161936;50,85816426;1
232861;5;3;15;0;2019;1;12;5;3;5;3;0;1;0;0;0;1;0;354217,53;5642603,259;6,926048388;50,91663815;0
232889;5;3;15;0;2019;1;21;4;3;4;6;2;1;0;0;0;0;0;356412,721;5650171,187;6,95427191;50,98520033;0
232890;5;3;15;0;2019;1;22;4;3;0;6;2;0;1;0;0;0;1;355190,2079;5644095,225;6,939283969;50,93029104;0
232919;5;3;15;0;2019;1;0;3;3;0;7;2;1;0;1;0;0;0;358618,7276;5650263,062;6,985644815;50,986572;0
232930;5;3;15;0;2019;1;16;7;3;6;4;2;0;1;1;0;0;0;359617,016;5645984,826;7,001509959;50,9483675;1
232935;5;3;15;0;2019;1;10;7;3;9;1;0;0;1;0;0;0;0;356193,8591;5645043,845;6,953182318;50,93906725;1
233043;5;3;15;0;2019;1;6;4;3;2;6;2;0;1;0;0;0;0;364024,2323;5645076,959;7,064551069;50,94126458;1
233065;5;3;15;0;2019;1;11;3;1;0;4;0;0;0;1;0;0;1;358367,5282;5651414,45;6,981619238;50,99685769;1
233073;5;3;15;0;2019;1;8;2;3;5;2;0;1;0;0;0;0;1;353690,8709;5643955,532;6,9180187;50,92865731;1
233076;5;3;15;0;2019;1;18;3;3;5;3;2;1;0;0;0;0;0;354096,4794;5642725,206;6,924278714;50,91770346;1
233091;5;3;15;0;2019;1;14;4;3;6;7;0;0;1;1;0;0;0;357281,9304;5641626,853;6,96999594;50,90862919;0
233095;5;3;15;0;2019;1;21;5;3;5;2;2;0;1;0;0;0;0;352936,776;5647404,625;6,905902955;50,9594611;1
233096;5;3;15;0;2019;1;16;1;3;0;7;2;0;0;0;0;0;1;363679,8404;5643738,399;7,060152805;50,92915303;0
233113;5;3;15;0;2019;1;7;3;3;0;3;2;1;1;0;0;0;0;352345,3589;5644681,122;6,898591812;50,93483503;1
233123;5;3;15;0;2019;1;10;3;3;6;6;0;0;1;1;0;0;0;355913,0484;5645167,627;6,949139272;50,94010955;0
233154;5;3;15;0;2019;1;9;1;3;9;1;0;0;1;0;0;0;0;362130,228;5646669,396;7,037006108;50,95512652;1
233163;5;3;15;0;2019;1;12;3;3;0;3;0;0;1;0;1;0;0;364534,6544;5640023,18;7,073688815;50,89596373;1
233171;5;3;15;0;2019;1;10;2;3;5;3;0;1;1;0;0;0;0;350293,4021;5644451,363;6,869504355;50,93224133;1
233174;5;3;15;0;2019;1;12;3;3;1;3;0;1;1;0;0;0;0;357172,93;5642013,54;6,968295231;50,91207738;1
233191;5;3;15;0;2019;1;13;4;3;2;2;0;0;1;0;1;0;0;352991,7054;5645431,859;6,907481083;50,94174671;1
233194;5;3;15;0;2019;1;18;5;3;5;2;2;0;1;0;0;0;0;356603,1353;5648938,285;6,957469328;50,97416793;1
233213;5;3;15;0;2019;1;14;3;3;0;7;0;1;0;0;0;0;0;354302,8885;5645958,21;6,925920807;50,94680968;1
233222;5;3;15;0;2019;1;11;2;3;5;2;0;1;0;0;0;1;0;355289,789;5641931,039;6,941558763;50,9108669;0
233225;5;3;15;0;2019;1;16;3;3;1;5;1;0;1;0;1;0;0;356563,3261;5647014,842;6,957661067;50,95687236;1
233241;5;3;15;0;2019;1;9;4;3;1;5;0;1;1;0;0;0;0;356758,6405;5643670,097;6,961755411;50,92686208;1
233245;5;3;15;0;2019;1;10;5;2;6;7;0;0;0;1;0;1;0;357530,1498;5637157,032;6,975267079;50,86852001;0
233246;5;3;15;0;2019;1;14;1;3;3;2;0;0;1;0;0;0;1;354469,0103;5651285,66;6,926152135;50,9947276;1
233276;5;3;15;0;2019;1;9;3;3;5;3;0;1;1;0;0;0;0;356543,0231;5643300,533;6,958834778;50,92348726;0
233280;5;3;15;0;2019;1;17;3;3;5;3;2;1;1;0;0;0;0;359577,3148;5636697,753;7,004517988;50,86489327;1
233344;5;3;15;0;2019;1;10;2;3;4;6;0;0;1;0;0;0;0;365228,5512;5635614,356;7,085175157;50,85650106;1
233345;5;3;15;0;2019;1;7;2;3;5;2;2;0;1;0;0;0;0;363822,8307;5639462,612;7,063781855;50,8907582;1
233346;5;3;15;0;2019;1;8;2;2;4;2;1;0;1;0;1;0;0;357609,339;5645310,261;6,973211415;50,94181279;1
233347;5;3;15;0;2019;1;11;2;3;2;4;0;0;1;1;0;0;1;357388,1271;5648321,595;6,968884976;50,96882072;1