OBJECTID;ULAND;UREGBEZ;UKREIS;UGEMEINDE;UJAHR;UMONAT;USTUNDE;UWOCHENTAG;UKATEGORIE;UART;UTYP1;ULICHTVERH;IstRad;IstPKW;IstFuss;IstKrad;IstGkfz;IstSonstige;LINREFX;LINREFY;XGCSWGS84;YGCSWGS84;STRZUSTAND
235655;5;3;15;0;2019;2;14;4;3;1;2;0;0;1;0;0;0;0;355172,6469;5654719,505;6,934801579;51,02576383;0
235656;5;3;15;0;2019;2;12;4;3;6;2;0;0;1;1;0;0;0;356889,8797;5650677,183;6,960866206;50,98986644;0
235657;5;3;15;0;2019;2;8;4;3;0;5;0;1;1;0;0;0;0;351197,214;5647028,599;6,881304321;50,95563538;0
235658;5;3;15;0;2019;2;17;4;3;0;1;0;0;0;0;1;0;0;356775,1551;5638450,446;6,964037988;50,87995738;0
235659;5;3;15;0;2019;2;8;4;3;2;6;0;0;1;0;0;0;0;355360,5055;5643168,111;6,942073505;50,92200197;0
235686;5;3;15;0;2019;2;23;5;3;3;7;2;0;1;0;0;0;1;359814,6936;5646252,393;7,004219252;50,95082027;1
235737;5;3;15;0;2019;2;19;3;3;5;2;1;1;1;0;0;0;0;357664,714;5645137,409;6,974066632;50,94027305;0
235738;5;3;15;0;2019;2;13;3;3;1;6;0;0;1;0;0;0;0;357352,9065;5646882,354;6,968947944;50,95587768;0
235739;5;3;15;0;2019;2;13;3;3;0;3;0;1;1;0;0;0;0;348050,3021;5647755,979;6,836227831;50,96135061;0
235740;5;3;15;0;2019;2;10;3;2;6;4;0;0;1;1;0;0;0;347861,7274;5645640,304;6,834428651;50,94228909;0
235741;5;3;15;0;2019;2;10;3;3;3;7;0;0;1;0;1;0;0;354740,2096;5646178,571;6,932054073;50,94890036;0
235742;5;3;15;0;2019;2;14;3;2;0;7;0;1;0;1;0;0;0;359766,6686;5639713,351;7,006050353;50,89204114;0
235743;5;3;15;0;2019;2;16;3;3;5;2;0;0;1;1;0;0;0;353016,0554;5642819,042;6,90888097;50,91827255;0
235744;5;3;15;0;2019;2;15;3;2;5;2;0;1;1;0;0;0;0;353012,551;5641346,03;6,909424487;50,90503422;0
235794;5;3;15;0;2019;2;19;3;3;2;6;2;0;1;0;0;0;0;361975,103;5646634,178;7,034812176;50,95477287;0
235798;5;3;15;0;2019;2;15;5;3;6;7;0;0;1;1;0;0;0;363030,0186;5637829,897;7,053128162;50,87589674;0
235812;5;3;15;0;2019;2;16;2;3;6;6;0;0;1;1;0;0;0;364820,1989;5638378,271;7,078355371;50,88124683;0
235813;5;3;15;0;2019;2;15;2;3;6;2;0;0;1;1;0;0;0;364316,9199;5638580,583;7,071130246;50,88294717;0
235814;5;3;15;0;2019;2;17;2;2;3;2;0;1;0;0;0;0;1;357649,723;5647353,809;6,972986872;50,96018801;0
235815;5;3;15;0;2019;2;5;2;3;5;3;2;0;1;0;0;0;0;349116,15;5648640,226;6,851027366;50,96957674;0
235816;5;3;15;0;2019;2;7;2;3;5;2;0;0;1;0;1;0;0;354015,6191;5646687,462;6,921541858;50,95329054;0
235817;5;3;15;0;2019;2;14;2;3;5;2;0;0;1;0;1;0;1;352750,883;5649419,319;6,902442224;50,97751871;0
235818;5;3;15;0;2019;2;6;2;3;5;2;1;0;1;0;0;0;0;358005,2558;5640424,638;6,980745176;50,8980032;0
235819;5;3;15;0;2019;2;15;2;3;5;2;0;1;1;0;0;0;0;356946,644;5640713,422;6,965588022;50,90033722;0
235820;5;3;15;0;2019;2;15;2;3;3;2;0;1;1;0;0;0;0;353689,7525;5643955,132;6,918002958;50,92865343;0
235821;5;3;15;0;2019;2;16;2;3;1;5;0;1;1;0;0;0;0;353570,6739;5643286,33;6,916578254;50,92261291;0
235853;5;3;15;0;2019;2;11;5;3;5;2;0;1;1;0;0;0;0;357772,9171;5647625,531;6,974633727;50,96266039;0
235892;5;3;15;0;2019;3;5;4;3;0;1;2;0;0;0;1;0;0;356708,7985;5650206,371;6,958473467;50,98559029;1
235893;5;3;15;0;2019;3;14;4;3;0;5;0;1;1;0;0;0;0;353051,0584;5645643,733;6,90823984;50,94366587;1
235894;5;3;15;0;2019;3;16;4;3;5;2;0;1;1;0;0;0;0;354254,5589;5636687,16;6,928934809;50,8634808;0
235895;5;3;15;0;2019;3;15;4;3;6;4;0;0;1;1;0;0;0;353340,415;5643122,976;6,913370102;50,92108643;0
235896;5;3;15;0;2019;3;8;4;3;3;6;0;0;1;0;0;0;0;356199,2084;5645037,509;6,953260906;50,93901164;0
235943;5;3;15;0;2019;3;18;3;3;5;2;2;0;1;0;1;0;0;356392,5789;5644340,052;6,956286165;50,93279188;0
235944;5;3;15;0;2019;3;15;3;3;0;7;0;1;0;0;0;0;0;354978,0811;5643906,671;6,936342401;50,92854325;0
235945;5;3;15;0;2019;3;8;3;3;5;2;0;1;1;0;0;0;0;356438,7007;5644030,088;6,957064174;50,93001775;1
235974;5;3;15;0;2019;3;12;2;3;0;1;0;1;0;0;0;0;0;352940,9432;5648258,071;6,905617296;50,96713169;1
235999;5;3;15;0;2019;3;16;1;3;3;6;0;0;1;0;0;0;0;358189,4701;5648449,208;6,980240546;50,97016541;0
236000;5;3;15;0;2019;3;14;1;3;3;6;0;0;1;0;0;0;0;357309,167;5649846,957;6,967162509;50,98250941;0
236026;5;3;15;0;2019;3;14;7;2;0;1;0;1;0;0;0;0;0;349915,4509;5644447,372;6,864131313;50,93210724;0
236027;5;3;15;0;2019;3;14;7;3;5;3;0;0;1;0;0;0;0;352207,1643;5650911,409;6,894095737;50,99078801;1
236064;5;3;15;0;2019;3;11;6;3;5;3;0;0;1;0;0;0;1;366425,674;5636183,604;7,101966037;50,86189508;1
236065;5;3;15;0;2019;3;8;6;3;6;7;0;0;1;1;0;0;0;366419,5651;5637764,412;7,101301993;50,8761016;1
236066;5;3;15;0;2019;3;22;6;3;3;2;2;0;1;0;0;0;0;360260,5507;5647995,931;7,009893218;50,96659795;0
236067;5;3;15;0;2019;3;10;6;3;2;7;0;1;1;0;0;0;0;356048,5291;5637749,403;6,953991918;50,87347658;1
236068;5;3;15;0;2019;3;13;6;2;5;3;0;1;1;0;0;0;0;354609,8657;5642024,163;6,93185676;50,91153292;1
236122;5;3;15;0;2019;3;8;5;3;5;7;0;1;1;0;0;0;0;355469,325;5644629,053;6,943041516;50,93515845;0
236128;5;3;15;0;2019;3;18;5;3;5;3;0;0;1;0;0;0;0;352756,3528;5653922,176;6,900694196;51,01798489;0
236152;5;3;15;0;2019;3;15;3;3;0;7;0;0;0;0;1;0;1;357869,3542;5648104,045;6,975819162;50,96698456;0
236153;5;3;15;0;2019;3;10;3;3;0;7;0;1;0;0;0;0;1;356559,2856;5646749,664;6,957708076;50,95448823;0
236154;5;3;15;0;2019;3;16;3;3;1;5;0;0;1;0;0;0;0;348561,2689;5643218,69;6,845384646;50,92071205;0
236155;5;3;15;0;2019;3;13;3;2;5;3;0;1;0;0;0;0;0;354409,321;5647057,474;6,926995284;50,95671531;0
236156;5;3;15;0;2019;3;9;3;3;0;1;0;1;0;0;0;0;0;354854,7034;5643809,945;6,934626469;50,92764297;0
236157;5;3;15;0;2019;3;15;3;3;1;5;0;0;1;0;0;0;0;355463,5222;5642300,859;6,943881852;50,91423394;0
236215;5;3;15;0;2019;3;15;2;2;5;3;0;1;1;0;0;0;0;364573,6482;5639576,752;7,074408488;50,89196056;0
236216;5;3;15;0;2019;3;12;2;2;5;3;0;0;1;0;1;0;0;362743,932;5645205,972;7,046290222;50,94212071;1
236217;5;3;15;0;2019;3;13;2;3;6;4;0;0;1;1;0;0;0;361891,0872;5649281,228;7,032611708;50,97854244;1
236218;5;3;15;0;2019;3;16;2;3;6;7;0;0;1;1;0;0;0;351834,49;5652775,671;6,888028604;51,00744518;1
236219;5;3;15;0;2019;3;14;5;3;2;2;0;0;1;0;0;0;0;348819,9136;5646213,63;6,847819398;50,94769317;0
236220;5;3;15;0;2019;3;16;2;3;1;5;0;0;1;0;0;0;0;356719,8388;5641774,622;6,961948201;50,90981794;0
236261;5;3;15;0;2019;3;9;1;3;5;3;0;0;1;0;0;0;1;360061,9003;5648009,233;7,00706084;50,96666927;1
236280;5;3;15;0;2019;3;10;7;3;5;2;0;1;1;0;0;0;0;357976,0174;5644232,885;6,978847169;50,93222086;1
236281;5;3;15;0;2019;3;23;7;3;9;1;2;0;1;0;0;0;0;359069,2968;5639740,878;6,996130409;50,8921188;0
236283;5;3;15;0;2019;3;10;7;3;5;3;0;1;1;0;0;0;0;357977,1521;5644232,161;6,978863588;50,93221463;1
236329;5;3;15;0;2019;3;15;6;3;6;6;0;1;0;1;0;0;0;354775,301;5642357,694;6,934075657;50,91457194;0
236363;5;3;15;0;2019;3;15;5;3;5;3;0;1;1;0;0;0;0;356636,188;5642748,8;6,960376348;50,91855204;0
236399;5;3;15;0;2019;3;5;1;3;6;6;2;0;1;1;0;0;0;351147,8563;5646211,274;6,880936232;50,94827781;0
236421;5;3;15;0;2019;3;13;7;3;0;7;0;0;1;0;1;0;0;353260,827;5646928,824;6,910705805;50,95526789;0
236466;5;3;15;0;2019;3;13;6;2;6;4;0;0;1;1;0;0;0;361494,586;5644571,6;7,028759338;50,93612067;0
236467;5;3;15;0;2019;3;9;6;3;5;3;0;1;1;0;0;0;0;350190,73;5644064,93;6,86820311;50,92874204;1
236468;5;3;15;0;2019;3;13;6;3;5;2;0;1;1;0;0;0;0;354709,8604;5642252,542;6,933187237;50,9136105;1
236469;5;3;15;0;2019;3;11;6;3;5;3;0;1;1;0;0;0;0;355888,644;5644648,418;6,948997506;50,93543741;1
236530;5;3;15;0;2019;3;9;5;3;5;2;0;0;1;0;0;0;0;355019,2155;5654763,579;6,932597587;51,02612124;1
236581;5;3;15;0;2019;3;10;4;3;6;7;0;0;1;1;0;0;0;363124,7578;5644528,111;7,051962227;50,93611904;0
236582;5;3;15;0;2019;3;11;4;3;0;1;0;0;0;0;1;0;0;362739,2968;5648237,17;7,0450812;50,96936199;1
236583;5;3;15;0;2019;3;15;4;3;5;3;0;0;1;0;0;0;0;355368,134;5648327,13;6,94013326;50,96836682;1
236584;5;3;15;0;2019;3;19;4;3;0;7;2;1;0;0;0;0;0;354324,4432;5646458,81;6,926027162;50,95131386;1
236585;5;3;15;0;2019;3;11;4;3;6;4;0;0;1;1;0;0;0;352187,3097;5649446,792;6,894408762;50,97762121;1
236586;5;3;15;0;2019;3;19;4;2;6;4;2;0;1;1;0;0;0;352365,7471;5647174,991;6,897870821;50,95725147;1
236587;5;3;15;0;2019;3;16;4;3;2;6;0;0;1;0;0;0;0;355947,9284;5640480,596;6,951486452;50,89799655;1
236588;5;3;15;0;2019;3;19;4;3;6;4;2;0;0;1;1;0;0;355317,5144;5641274,79;6,942213014;50,90497624;1
236677;5;3;15;0;2019;3;11;5;3;6;7;0;0;1;1;0;0;0;363462,0564;5638686,382;7,058945418;50,88369665;0
236678;5;3;15;0;2019;3;16;5;3;9;1;0;0;1;0;0;0;1;364474,9504;5648296,413;7,069763858;50,97030543;0
236679;5;3;15;0;2019;3;12;5;3;6;4;0;0;1;1;0;0;0;357491,8992;5647067,056;6,970853317;50,95757198;0
236680;5;3;15;0;2019;3;13;5;3;1;5;0;0;1;0;0;0;0;354191,8991;5656125,454;6,920260555;51,03815051;0
236681;5;3;15;0;2019;3;13;5;3;7;7;0;0;1;0;0;0;1;352268,9597;5644745,979;6,897478996;50,9353983;0
236682;5;3;15;0;2019;3;11;5;3;0;1;0;1;0;0;0;0;0;355260,4861;5642033,846;6,941101451;50,91178346;0
236683;5;3;15;0;2019;3;8;5;3;2;7;0;0;1;0;1;0;0;356564,4811;5644410,863;6,958703021;50,93347102;0
236751;5;3;15;0;2019;3;13;4;3;9;7;0;0;1;0;0;0;0;359024,5241;5644981,857;6,993468967;50,93920916;0
236752;5;3;15;0;2019;3;8;4;3;6;4;0;0;1;1;0;0;0;359377,7483;5645122,021;6,99843909;50,94055507;0
236753;5;3;15;0;2019;3;17;4;3;5;3;0;1;1;0;0;0;0;351223,6062;5650488,789;6,880264282;50,98673681;0
236754;5;3;15;0;2019;3;7;4;3;4;3;0;1;0;0;0;0;0;352405,726;5645211,174;6,899235631;50,93961382;0
236755;5;3;15;0;2019;3;13;4;3;2;6;0;0;1;0;0;0;0;356731,5574;5642041,855;6,962009859;50,91222246;0
236756;5;3;15;0;2019;3;12;4;3;5;2;0;0;0;0;0;1;1;355266,1535;5641780,306;6,94128257;50,90950636;0
236757;5;3;15;0;2019;3;21;4;3;6;7;2;1;0;1;0;0;0;354901,6319;5645222,033;6,934731578;50,94034486;0
236758;5;3;15;0;2019;3;16;4;3;5;2;0;1;1;0;0;0;0;356497,52;5643639,009;6,95805457;50,9265178;0
236806;5;3;15;0;2019;3;18;3;3;6;4;1;0;1;1;0;0;0;364475,9909;5639253,654;7,073140617;50,88903378;0
236807;5;3;15;0;2019;3;14;3;3;5;2;0;1;1;0;0;0;0;363665,4005;5638900,049;7,061754727;50,88566501;0
236808;5;3;15;0;2019;3;9;3;2;6;2;0;0;1;1;0;0;0;364892,5483;5648470,123;7,075643431;50,97196475;0
236809;5;3;15;0;2019;3;8;3;3;5;3;0;1;1;0;0;0;0;362977,7784;5648619,082;7,048331739;50,97285114;0
236810;5;3;15;0;2019;3;20;3;3;0;3;2;1;0;0;0;0;0;356836,872;5647474,339;6,96137258;50,96106981;0
236811;5;3;15;0;2019;3;13;3;3;6;4;0;0;0;1;0;0;1;352465,707;5654785,729;6,896201999;51,02567062;0
236812;5;3;15;0;2019;3;7;3;3;5;2;0;1;1;0;0;0;0;351728,7033;5644783,037;6,889780508;50,93559268;0
236813;5;3;15;0;2019;3;12;3;3;0;1;0;1;0;0;0;0;0;354206,2999;5642614,724;6,925884155;50,91673834;0
236814;5;3;15;0;2019;3;12;3;3;0;1;0;1;0;0;0;0;0;353864,9581;5642360,141;6,921133487;50,91436414;0
236815;5;3;15;0;2019;3;16;3;3;0;7;0;1;0;0;0;0;0;355934,9737;5642918,091;6,950340179;50,9198988;0
236876;5;3;15;0;2019;3;3;2;2;8;7;2;0;1;0;0;0;0;361590,8707;5646840,638;7,029266455;50,95653623;1
236877;5;3;15;0;2019;3;11;2;3;2;6;0;0;1;0;0;0;0;356332,6414;5646984,877;6,954390502;50,9565456;0
236878;5;3;15;0;2019;3;12;2;3;2;6;0;0;1;0;0;0;0;355909,0662;5642856,447;6,949996189;50,91933834;1
236913;5;3;15;0;2019;3;0;3;3;8;7;2;0;1;0;0;0;0;354938,4861;5646356,236;6,934804031;50,95054692;0
236914;5;3;15;0;2019;3;18;3;3;5;3;0;0;1;0;1;0;0;352494,504;5644627,224;6,900734724;50,93438883;0
236915;5;3;15;0;2019;3;8;3;3;5;3;0;1;1;0;0;0;0;351497,1225;5646098,034;6,885950952;50,94735026;0
236916;5;3;15;0;2019;3;7;3;2;5;3;0;1;0;0;0;1;0;354527,4858;5644204,973;6,929815868;50,93111056;0
236917;5;3;15;0;2019;3;9;3;3;1;5;0;1;1;0;0;0;0;356008,9267;5642889,736;6,951402807;50,91966244;0
236967;5;3;15;0;2019;3;8;2;3;5;3;0;1;1;0;0;0;0;362329,954;5648025,119;7,039335094;50,96735854;0
236968;5;3;15;0;2019;3;21;2;3;5;2;2;1;1;0;0;0;0;364782,634;5648846,699;7,073938811;50,97532341;1
236969;5;3;15;0;2019;3;16;2;3;5;3;0;1;0;0;0;0;0;354915,3479;5646065,765;6,934590585;50,94793071;1
236970;5;3;15;0;2019;3;15;2;3;5;2;0;0;1;0;1;0;0;357777,4198;5641474,058;6,977098555;50,90737831;0
236971;5;3;15;0;2019;3;14;2;3;5;3;0;1;1;0;0;0;0;353858,3127;5642735,998;6,920888453;50,91774017;1
236972;5;3;15;0;2019;3;8;2;3;5;3;0;1;1;0;0;0;0;355338,4911;5645904,321;6,940674372;50,9465862;1
237028;5;3;15;0;2019;3;7;1;3;0;7;0;1;0;0;0;0;0;353698,0232;5645977,322;6,917308606;50,94682825;1
237029;5;3;15;0;2019;3;9;1;3;0;1;0;1;0;0;0;0;0;354895,8517;5644232,568;6,935043364;50,93145134;1
237056;5;3;15;0;2019;3;17;7;3;1;6;0;0;1;0;0;0;0;359505,7388;5644763,482;7,000397927;50,93736404;0
237057;5;3;15;0;2019;3;20;7;3;5;3;2;0;1;1;1;0;0;357738,0138;5644913,507;6,975196678;50,93827893;0
237058;5;3;15;0;2019;3;12;7;3;4;3;0;0;1;0;0;0;0;354373,4118;5646672,342;6,926638424;50,95324518;0
237102;5;3;15;0;2019;3;14;6;3;0;1;0;1;0;0;0;0;0;358867,5589;5650450,207;6,989115051;50,98831492;0
237103;5;3;15;0;2019;3;14;6;3;5;2;0;1;1;0;0;0;0;356848,2628;5649779,278;6,960627361;50,98178678;0
237104;5;3;15;0;2019;3;11;6;3;0;1;0;1;0;0;0;0;0;354750,8453;5651239,157;6,930184136;50,99438089;0
237105;5;3;15;0;2019;3;18;6;3;6;4;0;0;1;1;0;0;0;352894,1485;5652736,692;6,903138058;51,00736686;0
237106;5;3;15;0;2019;3;15;6;3;9;1;0;0;1;0;0;0;0;350307,0903;5649071,099;6,867799438;50,97375943;0
237107;5;3;15;0;2019;3;17;6;3;5;3;0;1;1;0;0;0;0;351728,0247;5644779,997;6,889772093;50,93556519;0
237108;5;3;15;0;2019;3;14;6;3;5;3;0;1;1;0;0;0;0;351642,866;5647529,159;6,887440975;50,96024853;0
237109;5;3;15;0;2019;3;8;6;3;0;1;0;1;0;0;0;0;0;356346,2331;5640788,985;6,957025428;50,90086724;0
237110;5;3;15;0;2019;3;11;6;2;6;7;0;0;1;1;0;0;0;356339,1543;5645384,469;6,955114599;50,94216461;0
237111;5;3;15;0;2019;3;11;6;3;2;7;0;1;1;0;0;0;0;356644,2098;5642682,189;6,960516575;50,9179554;0
237143;5;3;15;0;2019;3;20;1;3;0;7;1;0;0;1;0;0;1;359940,7206;5645578,448;7,006271515;50,94479407;0
237184;5;3;15;0;2019;3;17;7;3;0;1;0;1;0;0;0;0;0;363655,3959;5644241,664;7,059616915;50,93367032;0
237185;5;3;15;0;2019;3;18;7;3;6;2;0;0;1;1;0;0;0;359601,1819;5645148,037;7,001607258;50,94084333;0
237186;5;3;15;0;2019;3;19;7;3;1;7;1;0;1;0;1;0;0;361243,8926;5649610,402;7,023272491;50,9813452;0
237187;5;3;15;0;2019;3;11;7;2;6;4;0;0;1;1;0;0;0;354251,3137;5642728,351;6,926478691;50,91777085;0
237188;5;3;15;0;2019;3;17;7;3;0;1;0;1;0;0;0;0;0;355019,1787;5644509,748;6,936686938;50,9339733;0
237255;5;3;15;0;2019;3;16;6;3;4;2;0;0;1;0;0;0;0;362840,684;5642526,055;7,048674931;50,91805829;0
237256;5;3;15;0;2019;3;15;6;3;5;3;0;1;1;0;0;0;0;362279,717;5647902,844;7,038666373;50,96624762;0
237257;5;3;15;0;2019;3;9;6;3;6;2;0;1;1;1;0;0;0;364891,8348;5648493,21;7,075624697;50,97217207;0
237258;5;3;15;0;2019;3;8;6;3;5;3;0;0;1;0;0;0;1;360060,5961;5648010,109;7,00704194;50,96667683;0
237259;5;3;15;0;2019;3;7;6;3;5;3;0;0;1;0;1;0;0;353926,369;5636870,4;6,924201293;50,86504472;0
237260;5;3;15;0;2019;3;18;6;3;0;1;1;1;0;0;0;0;0;355062,3128;5642034,977;6,938283965;50,91174389;0
237329;5;3;15;0;2019;3;12;5;2;0;7;0;1;0;0;0;0;0;359107,591;5643901,658;6,995068115;50,92952161;0
237330;5;3;15;0;2019;3;17;5;3;6;4;0;0;1;1;0;0;0;360439,8242;5648745,399;7,012157111;50,97337697;0
237331;5;3;15;0;2019;3;12;5;3;2;6;0;0;1;0;0;0;0;356614,6209;5648938,336;6,957632796;50,97417124;0
237332;5;3;15;0;2019;3;15;5;3;0;7;0;0;1;0;0;0;0;349492,4696;5659391,178;6,851921881;51,06628497;0
237333;5;3;15;0;2019;3;7;5;3;2;6;0;0;1;0;1;0;0;353199,368;5653106,129;6,90733613;51,01076477;0
237334;5;3;15;0;2019;3;15;5;2;0;1;0;1;0;0;0;0;0;353822,9122;5646139,696;6,91902004;50,94831912;0
237335;5;3;15;0;2019;3;19;5;2;5;2;2;0;1;0;1;0;0;354973,0569;5643908,733;6,936270137;50,92856052;0
237336;5;3;15;0;2019;3;20;5;3;1;5;2;1;1;0;0;0;0;356531,9624;5643397,032;6,958639542;50,92435174;0
237385;5;3;15;0;2019;3;8;4;3;2;6;0;0;1;0;0;0;0;363066,2049;5640921,844;7,052483342;50,9036941;0
237386;5;3;15;0;2019;3;12;4;3;1;5;0;1;0;0;0;0;1;359527,1345;5644642,491;7,000748889;50,9362819;0
237387;5;3;15;0;2019;3;8;4;3;6;4;0;0;0;1;0;0;1;354295,7102;5646883,876;6,925448252;50,95512653;0
237388;5;3;15;0;2019;3;13;4;3;6;7;0;0;1;1;0;0;0;357293,1033;5641561,358;6,970180363;50,90804335;0
237389;5;3;15;0;2019;3;7;4;3;6;2;0;0;1;1;0;0;0;355313,6501;5642608,799;6,941629175;50,91696379;0
237408;5;3;15;0;2019;4;20;5;3;0;1;1;1;0;0;0;0;0;359555,057;5644364,316;7,001253239;50,9337887;0
237409;5;3;15;0;2019;4;22;5;3;0;7;2;0;0;1;0;0;1;353899,683;5651401,457;6,917998233;50,99562397;0
237410;5;3;15;0;2019;4;12;5;2;6;4;0;0;1;1;0;0;0;356848,5972;5650828,065;6,960218925;50,99121212;1
237411;5;3;15;0;2019;4;18;5;3;0;3;0;1;1;0;0;0;0;357515,1272;5640251,141;6,973847578;50,89632324;1
237412;5;3;15;0;2019;4;11;5;3;1;2;0;0;1;0;0;0;0;352689,191;5642959,114;6,904177472;50,91944797;0
237413;5;3;15;0;2019;4;14;5;2;0;6;2;0;1;0;0;0;0;356146,675;5644750,18;6,952627139;50,93641636;1
237475;5;3;15;0;2019;4;21;4;3;0;2;2;1;1;0;0;0;0;359789,2396;5646762,97;7,003660457;50,95540269;1
237476;5;3;15;0;2019;4;7;4;3;0;4;0;0;1;1;0;0;0;363428,18;5648306,43;7,054860464;50,97014821;1
237477;5;3;15;0;2019;4;11;4;3;4;1;0;1;1;0;0;0;0;354930,6104;5650964,512;6,932853716;50,9919581;1
237478;5;3;15;0;2019;4;6;4;3;5;2;1;0;1;0;0;0;0;353024,0167;5645824,215;6,907782356;50,94528089;1
237479;5;3;15;0;2019;4;21;4;2;1;2;2;0;1;0;0;0;0;356883,6932;5641096,7;6,96454314;50,90376613;1
237480;5;3;15;0;2019;4;16;4;3;2;2;1;0;1;0;0;0;0;356197,8993;5646275,088;6,952753664;50,95013324;1
237481;5;3;15;0;2019;4;10;4;3;4;2;0;1;1;0;0;0;0;356020,4159;5645737,978;6,950441001;50,94526202;1
237539;5;3;15;0;2019;4;13;3;3;2;6;0;0;1;0;1;0;0;359261,7947;5644354,189;6,997086302;50,9336262;0
237540;5;3;15;0;2019;4;14;3;3;5;3;0;1;1;0;0;0;0;355395,7795;5647222,236;6,940965858;50,95844436;1
237541;5;3;15;0;2019;4;17;3;3;6;7;0;0;1;1;0;0;0;355248,0072;5648343,032;6,938417253;50,96847956;0
237542;5;3;15;0;2019;4;7;3;2;3;2;0;1;1;0;0;0;0;352084,6071;5645973,215;6,894358878;50,94637963;0
237543;5;3;15;0;2019;4;9;3;3;8;1;0;0;1;0;0;0;0;356837,179;5637630,83;6,965239984;50,87260685;0
237544;5;3;15;0;2019;4;13;3;3;2;2;0;0;1;0;0;0;0;352691,8894;5643482,066;6,904004604;50,92414823;0
237545;5;3;15;0;2019;4;18;3;3;1;5;0;1;1;0;0;0;0;355730,1571;5645766,796;6,946300568;50,94544844;1
237546;5;3;15;0;2019;4;16;3;3;5;3;0;1;1;0;0;0;0;356833,7326;5646038,584;6,961892589;50,94816609;0
237603;5;3;15;0;2019;4;12;2;3;2;2;0;0;1;0;0;0;0;359129,9591;5645429,547;6,99479554;50,94325835;0
237604;5;3;15;0;2019;4;14;2;3;3;6;0;1;1;0;0;0;0;362755,944;5648537,281;7,045204892;50,97206315;0
237605;5;3;15;0;2019;4;11;2;2;2;2;0;0;1;0;1;0;0;356764,539;5648939,706;6,959766227;50,97422086;0
237606;5;3;15;0;2019;4;16;2;2;5;2;0;0;0;0;0;1;1;357430,5473;5648938,371;6,969246927;50,97437413;0
237607;5;3;15;0;2019;4;7;2;3;5;3;0;1;0;0;0;0;1;354907,4351;5647920,365;6,933738723;50,96459549;0
237608;5;3;15;0;2019;4;17;2;3;6;4;0;0;0;1;0;0;1;352075,758;5653911,432;6,89100211;51,01771366;0
237609;5;3;15;0;2019;4;11;2;3;5;3;0;1;1;0;0;0;0;353525,6083;5647007,341;6,914441531;50,95604085;0
237610;5;3;15;0;2019;4;6;2;3;2;7;0;0;1;0;0;0;0;351882,4775;5648267,324;6,89054998;50,96694367;0
237611;5;3;15;0;2019;4;16;2;3;3;5;0;1;1;0;0;0;0;357631,5523;5641478,148;6,9750236;50,90737911;0
237612;5;3;15;0;2019;4;16;2;3;0;1;0;0;0;0;1;0;0;356155,118;5643782,834;6,95312899;50,92772506;0
237710;5;3;15;0;2019;4;19;2;3;5;7;1;1;1;0;0;0;0;359478,9484;5645394,236;6,999773584;50,94302617;0
237711;5;3;15;0;2019;4;14;2;3;2;6;0;0;1;0;0;0;0;357309,501;5647580,296;6,96805668;50,96213928;0
237712;5;3;15;0;2019;4;14;2;3;2;6;0;0;1;0;0;0;0;356142,2921;5647590,835;6,951442525;50,96194374;0
237713;5;3;15;0;2019;4;8;2;3;0;2;0;0;1;1;0;0;0;349348,565;5658646,632;6,850179637;51,05955668;0
237714;5;3;15;0;2019;4;13;2;3;9;1;0;0;1;0;0;0;0;349440,1938;5651765,446;6,854344365;50,99774544;0
237715;5;3;15;0;2019;4;16;2;3;0;1;0;0;0;0;1;0;0;352536,4435;5643849,671;6,901645731;50,92741202;0
237716;5;3;15;0;2019;4;12;2;3;2;6;0;1;1;0;0;0;0;350892,8246;5647835,553;6,876642891;50,9628083;0
237717;5;3;15;0;2019;4;16;2;3;1;6;0;1;1;0;0;0;0;356639,5042;5641877,006;6,960766055;50,91071811;0
237718;5;3;15;0;2019;4;7;2;3;1;5;0;1;1;0;0;0;0;355875,988;5644745,595;6,948779074;50,93630757;0
237719;5;3;15;0;2019;4;20;2;3;5;2;0;1;1;0;0;0;0;355568,3355;5645184,115;6,94422964;50,94017149;1
237720;5;3;15;0;2019;4;9;2;2;3;7;0;0;1;0;1;0;0;355839,4522;5645505,667;6,947958684;50,94312906;0
237763;5;3;15;0;2019;4;15;1;3;4;2;0;0;1;0;0;0;0;359541,7433;5644534,1;7,00099845;50,93531133;0
237764;5;3;15;0;2019;4;18;1;3;4;2;0;1;1;0;0;0;0;361592,3941;5646822,669;7,029294965;50,9563751;0
237765;5;3;15;0;2019;4;16;1;3;1;5;0;1;1;0;0;0;0;355659,9987;5647482,791;6,944622164;50,96085216;0
237766;5;3;15;0;2019;4;16;1;3;0;4;0;0;1;1;0;0;0;357212,9988;5648736,279;6,96622962;50,97250405;0
237767;5;3;15;0;2019;4;21;1;3;5;3;2;0;1;0;0;0;0;353586,9947;5646535,607;6,915504687;50,95181716;0
237768;5;3;15;0;2019;4;22;1;3;5;2;2;0;1;0;0;0;0;356019,6754;5645737,013;6,950430849;50,94525317;0