OBJECTID;ULAND;UREGBEZ;UKREIS;UGEMEINDE;UJAHR;UMONAT;USTUNDE;UWOCHENTAG;UKATEGORIE;UART;UTYP1;ULICHTVERH;IstRad;IstPKW;IstFuss;IstKrad;IstGkfz;IstSonstige;LINREFX;LINREFY;XGCSWGS84;YGCSWGS84;STRZUSTAND
237818;5;3;15;0;2019;4;15;7;3;6;7;0;1;0;1;0;0;0;361273,9823;5644445,294;7,02566973;50,9349325;0
237819;5;3;15;0;2019;4;14;7;2;6;4;0;0;1;1;0;0;0;359813,4113;5646336,483;7,004168631;50,95157568;0
237820;5;3;15;0;2019;4;10;7;2;0;1;0;1;0;0;0;0;0;355697,8526;5649961,832;6,944177109;50,98314016;0
237821;5;3;15;0;2019;4;15;7;3;6;2;0;0;1;1;0;0;0;354729,2909;5643305,919;6,93304394;50,92308184;0
237822;5;3;15;0;2019;4;15;7;3;6;7;0;0;0;1;0;0;1;355245,9924;5642194,043;6,940831872;50,91321949;0
237823;5;3;15;0;2019;4;16;7;3;6;6;0;1;0;1;0;0;0;354248,6544;5643398,185;6,9261732;50,92378979;0
237824;5;3;15;0;2019;4;16;7;3;0;1;0;1;0;0;0;0;0;355616,823;5643512,651;6,945581457;50,92516249;0
237825;5;3;15;0;2019;4;15;7;3;6;4;0;1;0;1;0;0;0;356459,7259;5645949,334;6,956607045;50,947271;0
237871;5;3;15;0;2019;4;17;6;3;2;6;0;0;1;0;0;0;0;359175,5753;5645763,413;6,995315345;50,94626997;0
237872;5;3;15;0;2019;4;13;6;3;6;7;0;0;1;1;0;0;0;364974,6438;5643713,733;7,078575972;50,9292359;0
237873;5;3;15;0;2019;4;7;6;3;2;3;0;1;1;0;0;0;0;356738,5657;5650979,243;6,958592513;50,99254335;0
237874;5;3;15;0;2019;4;7;6;3;0;1;0;1;0;0;0;0;0;357025,4463;5642373,919;6,966057481;50,91527957;0
237875;5;3;15;0;2019;4;16;6;3;3;6;0;1;1;0;0;0;0;355676,971;5642308,339;6,946913245;50,91435458;0
237876;5;3;15;0;2019;4;8;6;3;0;1;0;0;0;0;1;0;0;355657,4446;5643936,416;6,945991289;50,92898096;0
237877;5;3;15;0;2019;4;17;6;3;3;5;0;1;1;0;0;0;0;356254,9167;5645321,627;6,953941166;50,94157886;0
237878;5;3;15;0;2019;4;11;6;3;6;7;0;0;1;1;0;0;0;356654,693;5646260,684;6,959258084;50,95011757;0
237916;5;3;15;0;2019;4;16;7;3;3;7;0;0;0;0;1;0;1;356629,1241;5647543,063;6,958389201;50,96163577;1
237917;5;3;15;0;2019;4;22;7;3;1;2;2;1;1;0;0;0;0;353592,8913;5646533,917;6,915589258;50,95180347;0
237918;5;3;15;0;2019;4;16;7;3;5;3;0;1;1;0;0;0;0;355152,9582;5644344,681;6,938655122;50,93252349;0
237968;5;3;15;0;2019;4;21;6;2;5;3;2;1;1;0;0;0;0;366408,887;5636410,617;7,101644761;50,86393154;0
237969;5;3;15;0;2019;4;19;6;3;5;3;0;1;1;0;0;0;0;360177,0461;5648420,77;7,008541433;50,97039576;0
237970;5;3;15;0;2019;4;12;6;2;0;1;0;1;0;0;0;0;0;353144,9818;5646509,067;6,909226889;50,9514662;0
237971;5;3;15;0;2019;4;17;6;3;5;2;0;0;1;0;1;0;0;356760,9949;5641899,156;6,962484338;50,91094733;0
238012;5;3;15;0;2019;4;6;5;3;5;2;1;0;1;0;0;0;0;366408,707;5636413,051;7,101641316;50,86395338;0
238013;5;3;15;0;2019;4;16;5;2;5;2;0;1;1;0;0;0;0;364178,1909;5639613,21;7,068775438;50,89219537;0
238014;5;3;15;0;2019;4;13;5;3;5;2;0;0;1;0;0;0;0;363052,538;5640907,053;7,052294636;50,90355793;0
238015;5;3;15;0;2019;4;6;5;2;6;2;1;0;1;1;0;0;0;351881,385;5654229,654;6,88810293;51,02052328;0
238016;5;3;15;0;2019;4;13;5;3;0;6;0;1;0;1;0;0;0;348625,4285;5644455,211;6,845783429;50,93184057;0
238017;5;3;15;0;2019;4;22;5;3;3;5;2;0;1;0;0;0;0;354713,0181;5645433,373;6,931964511;50,94219663;0
238018;5;3;15;0;2019;4;9;5;3;2;6;0;1;0;0;0;0;0;354296,01;5646482,361;6,92561322;50,95151832;0
238019;5;3;15;0;2019;4;21;5;3;5;4;1;1;0;1;0;0;0;359665,6071;5639726,694;7,004609186;50,89213651;0
238020;5;3;15;0;2019;4;7;5;3;6;7;0;1;0;1;0;0;0;355468,4507;5644986,591;6,942887266;50,93837135;0
238021;5;3;15;0;2019;4;20;5;3;5;2;1;1;0;0;0;0;0;357325,0998;5642742,963;6,970173124;50,91867033;0
238077;5;3;15;0;2019;4;7;4;3;3;6;0;1;0;0;0;0;0;363149,7289;5638965,729;7,054403426;50,88613339;0
238078;5;3;15;0;2019;4;15;4;3;5;3;0;0;1;0;0;0;0;364634,0904;5639699,215;7,075222001;50,89307538;0
238079;5;3;15;0;2019;4;7;4;3;0;7;0;1;0;0;0;0;1;359141,294;5645012,682;6,99511797;50,93951472;1
238080;5;3;15;0;2019;4;7;4;3;0;7;0;1;0;0;0;0;1;359143,9936;5645017,116;6,995154654;50,93955523;1
238081;5;3;15;0;2019;4;18;4;3;5;2;0;0;1;0;0;0;1;361264,8773;5643183,3;7,026020522;50,92358844;0
238082;5;3;15;0;2019;4;16;4;3;0;1;0;0;0;0;1;0;0;362673,801;5644663,647;7,045497019;50,93722995;0
238083;5;3;15;0;2019;4;16;4;3;0;1;0;1;0;0;0;0;0;354097,792;5650238,338;6,921286545;50,98522175;0
238084;5;3;15;0;2019;4;16;4;3;1;5;0;1;0;0;1;0;0;347202,159;5644955,782;6,825334491;50,93596348;0
238085;5;3;15;0;2019;4;12;4;3;2;6;0;0;1;0;0;0;0;353693,8852;5648410,451;6,916271634;50,96869279;0
238086;5;3;15;0;2019;4;19;4;3;0;7;0;1;1;0;0;0;0;354299,4209;5645952,241;6,925873866;50,94675517;0
238087;5;3;15;0;2019;4;17;4;3;5;2;0;0;1;0;0;0;0;354175,2711;5645235,231;6,92439482;50,94028023;0
238088;5;3;15;0;2019;4;16;4;3;2;6;0;0;1;0;0;0;0;356234,8773;5643613,145;6,95433008;50,92621996;0
238154;5;3;15;0;2019;4;14;3;3;0;3;0;0;0;0;1;0;1;353350,6032;5650406,305;6,91058088;50,98654135;0
238155;5;3;15;0;2019;4;16;3;2;5;3;0;1;1;0;0;0;0;351558,8838;5654569,016;6,883369094;51,02348973;0
238156;5;3;15;0;2019;4;16;3;3;6;2;0;0;1;1;0;0;0;351435,0231;5648511,847;6,884082223;50,96902583;0
238157;5;3;15;0;2019;4;17;3;2;5;2;0;1;1;0;0;0;0;353035,8929;5643059,604;6,909066067;50,92043945;0
238158;5;3;15;0;2019;4;14;3;3;1;5;0;1;1;0;0;0;0;356397,2729;5645451,678;6,955914806;50,94278308;0
238223;5;3;15;0;2019;4;12;4;2;1;5;0;1;1;0;0;0;0;350598,829;5651438,628;6,8709785;50,99511054;0
238224;5;3;15;0;2019;4;12;4;2;0;3;0;1;1;0;0;0;0;351721,617;5648529,705;6,888153752;50,96926015;0
238225;5;3;15;0;2019;4;17;4;3;3;2;0;1;0;0;0;0;1;353765,4497;5646849,585;6,917917448;50,95468406;0
238260;5;3;15;0;2019;4;13;4;3;3;7;0;0;1;0;0;1;0;362120,1284;5646013,501;7,037110807;50,94922938;0
238272;5;3;15;0;2019;4;11;3;3;2;6;0;0;1;0;0;0;0;363887,2743;5640586,056;7,064278898;50,90087037;0
238273;5;3;15;0;2019;4;17;3;3;0;7;0;1;0;0;0;0;0;362163,559;5648489,856;7,036790694;50,97149547;0
238274;5;3;15;0;2019;4;10;3;3;5;3;0;0;1;0;0;0;0;355763,5363;5647445,614;6,946110245;50,96054398;0
238275;5;3;15;0;2019;4;10;3;3;8;1;0;1;0;0;0;0;0;349357,693;5652327,892;6,852936148;51,00277809;0
238276;5;3;15;0;2019;4;16;3;3;8;7;0;1;0;0;0;0;0;349468,077;5644443,616;6,85777099;50,93195691;0
238277;5;3;15;0;2019;4;9;3;1;6;4;0;0;1;1;0;0;0;354094,5851;5644205,805;6,923659349;50,93100869;0
238278;5;3;15;0;2019;4;14;3;3;6;4;0;1;0;1;0;0;0;356464,4783;5646001,109;6,956654246;50,94773748;0
238279;5;3;15;0;2019;4;0;3;3;1;7;2;1;1;0;0;0;0;356393,0815;5643014,576;6,9568154;50,9208801;0
238280;5;3;15;0;2019;4;16;3;3;0;7;0;1;0;0;0;0;0;355879,3242;5644585,716;6,948889753;50,9348716;0
238281;5;3;15;0;2019;4;12;3;3;2;7;2;0;0;0;1;0;1;356650,7925;5645322,441;6,959571891;50,94168473;0
238329;5;3;15;0;2019;4;12;2;3;5;3;0;0;1;0;0;0;0;350878,075;5652417,972;6,874552701;51,00398365;0
238330;5;3;15;0;2019;4;23;2;3;0;7;2;0;0;0;0;0;1;352817,954;5653998,833;6,901540728;51,01868953;0
238331;5;3;15;0;2019;4;16;2;3;1;5;0;0;1;0;0;0;0;354414,36;5655882,003;6,923529228;51,03601914;0
238332;5;3;15;0;2019;4;22;2;2;0;1;2;1;1;0;0;0;0;349621,8908;5645477,002;6,85953183;50,94128337;0
238333;5;3;15;0;2019;4;17;2;3;0;5;0;1;1;0;0;0;0;355055,9901;5647071,792;6,93619083;50,95700699;0
238334;5;3;15;0;2019;4;13;2;2;4;2;0;1;1;0;0;0;0;352789,909;5644617,706;6,904939698;50,93437878;0
238385;5;3;15;0;2019;4;18;1;3;4;7;0;0;1;0;0;0;0;363784,52;5642674,547;7,062038914;50,91961643;0
238386;5;3;15;0;2019;4;22;1;2;8;1;2;0;1;0;0;0;0;361826,8378;5642985,354;7,034086283;50,92194429;0
238415;5;3;15;0;2019;4;8;5;3;5;2;0;1;1;0;0;0;0;364179,2214;5639610,055;7,068791256;50,89216725;0
238416;5;3;15;0;2019;4;14;5;3;0;7;0;1;0;0;0;0;0;357318,844;5645213,657;6,969117121;50,9408728;0
238419;5;3;15;0;2019;4;19;5;3;5;3;0;1;1;0;0;0;0;360569,5853;5646241,397;7,014963739;50,95090455;0
238420;5;3;15;0;2019;4;19;5;3;0;7;0;0;1;0;0;0;0;360438,544;5647701,827;7,012539315;50,96399794;0
238421;5;3;15;0;2019;4;13;5;2;5;3;0;0;1;0;0;0;0;361316,8387;5649456,492;7,024369749;50,97997955;0
238423;5;3;15;0;2019;4;12;5;3;6;7;0;0;1;1;0;0;0;360604,7722;5646758,405;7,015266396;50,9555595;0
238424;5;3;15;0;2019;4;14;5;3;0;7;0;0;1;0;1;0;0;354736,2429;5646263,189;6,931963883;50,9496598;0
238425;5;3;15;0;2019;4;19;5;3;2;6;0;0;1;0;0;0;0;356194,502;5640873,403;6,954835803;50,90158813;0
238426;5;3;15;0;2019;4;7;5;3;5;2;0;1;1;0;0;0;0;354661,5596;5642281,836;6,932488947;50,91386159;0
238447;5;3;15;0;2019;4;16;3;3;5;3;0;1;1;0;0;0;0;352817,2768;5645867,845;6,904823865;50,94562023;0
238448;5;3;15;0;2019;4;15;3;3;5;2;0;0;1;0;0;0;1;356761,0185;5641898,835;6,962484801;50,91094445;0
238449;5;3;15;0;2019;4;9;3;3;6;7;0;1;0;1;0;0;0;356215,0432;5643714,669;6,954008011;50,92712741;0
238450;5;3;15;0;2019;4;14;3;3;6;4;0;0;1;1;0;0;0;356558,4497;5643225,911;6,959083477;50,92282047;0
238506;5;3;15;0;2019;4;20;2;3;6;7;1;0;1;1;0;0;0;362913,3562;5645403,317;7,048626046;50,94393464;0
238507;5;3;15;0;2019;4;6;2;2;0;2;0;1;1;0;0;0;0;353881,435;5650627,382;6,918049761;50,98866305;0
238508;5;3;15;0;2019;4;18;2;3;1;5;0;1;1;0;0;0;0;355376,5224;5645888,315;6,941221748;50,9464519;0
238541;5;3;15;0;2019;4;18;1;2;0;7;0;1;0;1;0;0;0;357602,2059;5643421,718;6,973847832;50,92483875;0
238542;5;3;15;0;2019;4;19;1;3;5;3;0;0;1;0;0;0;0;357763,747;5647606,022;6,974510854;50,9624828;0
238579;5;3;15;0;2019;4;6;7;3;0;5;0;0;1;0;0;0;1;364264,1259;5639336,746;7,070099309;50,88973084;0
238580;5;3;15;0;2019;4;23;7;2;8;1;2;1;0;0;0;0;0;361562,3205;5650815,608;7,027346753;50,99225326;0
238581;5;3;15;0;2019;4;12;7;2;0;1;0;0;0;0;1;0;0;359993,844;5648041,019;7,006080004;50,9669384;0
238582;5;3;15;0;2019;4;10;7;3;0;7;0;0;1;0;0;1;0;358476,3204;5649494,999;6,983916286;50,97963446;0
238583;5;3;15;0;2019;4;10;7;3;6;2;0;0;1;1;0;0;0;355817,5157;5648894,135;6,946304215;50,97357502;0
238584;5;3;15;0;2019;4;21;7;3;0;1;2;1;0;0;0;0;0;352993,6993;5647353,12;6,906733737;50,95901277;0
238585;5;3;15;0;2019;4;14;7;3;2;7;0;0;1;0;1;0;0;353535,0984;5643673,497;6,915916925;50,92608322;0
238638;5;3;15;0;2019;4;14;6;3;0;1;0;1;0;0;0;0;0;352662,509;5651298,941;6,900422093;50,99438729;0
238639;5;3;15;0;2019;4;9;6;3;0;3;0;1;1;0;0;0;0;349036,092;5646250,888;6,850879124;50,94808463;0
238640;5;3;15;0;2019;4;19;6;3;0;4;0;1;0;1;0;0;0;357183,3733;5641974,917;6,968458804;50,91173286;0
238665;5;3;15;0;2019;4;15;3;2;0;3;0;0;1;0;1;0;0;358207,4791;5642147,2;6,982949894;50,91353367;0
238669;5;3;15;0;2019;4;3;3;3;8;1;2;0;1;0;0;0;0;351742,675;5655292,616;6,885691947;51,03003966;0
238671;5;3;15;0;2019;4;16;3;3;5;2;0;1;1;0;0;0;0;348967,3782;5659168,718;6,844526209;51,06414802;0
238674;5;3;15;0;2019;4;13;3;3;3;6;0;0;1;0;0;0;0;356874,6008;5650027,502;6,960904568;50,98402407;0
238691;5;3;15;0;2019;4;15;3;3;1;6;0;0;1;0;0;0;1;361060,8498;5647853,212;7,02133794;50,96550888;0
238696;5;3;15;0;2019;4;17;3;3;1;7;0;0;1;0;0;0;0;359764,8343;5648867,527;7,00250194;50,97431058;0
238704;5;3;15;0;2019;4;17;7;3;5;2;0;1;1;0;0;0;0;358755,5292;5644024,803;6,99001377;50,93054222;1
238705;5;3;15;0;2019;4;16;7;3;2;6;0;0;1;0;0;0;0;359541,6436;5644534,84;7,000996747;50,93531796;1
238706;5;3;15;0;2019;4;14;7;3;1;5;0;0;1;0;0;0;0;352439,8204;5648131,766;6,898536776;50,9658685;1
238707;5;3;15;0;2019;4;12;7;3;5;5;0;0;0;0;1;0;1;353845,2101;5647172,663;6,918922544;50,95760768;1
238708;5;3;15;0;2019;4;17;7;3;0;1;0;1;0;0;0;0;0;353744,7421;5642171,962;6,91949997;50,91264258;0
238709;5;3;15;0;2019;4;13;7;3;3;2;0;1;0;0;0;0;0;356520,4488;5643486,2;6,958440742;50,92515022;1
238710;5;3;15;0;2019;4;23;7;3;0;1;2;1;0;0;0;0;0;355632,279;5644442,942;6,945432806;50,93352672;0
238711;5;3;15;0;2019;4;15;7;3;2;6;0;0;1;0;0;0;0;356225,7456;5644233,035;6,953955751;50,93178856;1
238764;5;3;15;0;2019;4;18;6;2;0;1;0;1;0;0;0;0;0;362923,7623;5640781,643;7,050511372;50,90240026;0
238765;5;3;15;0;2019;4;12;6;3;4;2;0;0;1;0;1;0;0;352173,9583;5653660,704;6,892503348;51,01548577;0
238766;5;3;15;0;2019;4;12;6;3;2;2;0;1;1;0;0;0;0;352494,504;5644627,224;6,900734724;50,93438883;0
238767;5;3;15;0;2019;4;9;6;3;5;3;0;1;1;0;0;0;0;351838,2983;5644665,384;6,891386984;50,93456355;1
238817;5;3;15;0;2019;4;15;5;3;2;2;0;0;1;0;0;0;0;352208,5872;5650905,362;6,894118458;50,99073403;0
238818;5;3;15;0;2019;4;17;5;2;0;1;0;1;0;0;0;0;0;354854,9826;5643810,082;6,934630385;50,92764427;0
238819;5;3;15;0;2019;4;17;5;3;0;1;0;1;0;0;0;0;0;354171,6188;5642650,132;6,925376959;50,91704778;0
238820;5;3;15;0;2019;4;15;5;3;5;3;0;1;1;0;0;0;0;355719,3862;5643878,897;6,946894884;50,92847954;0
238821;5;3;15;0;2019;4;21;5;3;3;6;2;0;1;0;1;0;0;356698,1044;5642326,785;6,961422407;50,9147748;0
238876;5;3;15;0;2019;4;16;4;3;0;7;0;1;0;0;0;0;0;358695,15;5642986,88;6,989557355;50,92119955;0
238877;5;3;15;0;2019;4;4;4;3;8;6;2;0;0;0;1;0;0;361693,3719;5649516,974;7,029707294;50,98061368;0
238878;5;3;15;0;2019;4;12;4;3;0;7;0;1;0;0;0;0;0;353821,5965;5649982,124;6,917457341;50,9828492;0
238879;5;3;15;0;2019;4;23;4;2;8;1;2;0;1;0;0;0;0;351624,0278;5653191,086;6,884860977;51,011124;1
238880;5;3;15;0;2019;4;17;4;2;5;2;0;1;1;0;0;0;0;349394,282;5651982,497;6,853600531;50,99968389;0
238881;5;3;15;0;2019;4;18;4;3;5;3;0;1;1;0;0;0;0;352051,892;5655093,573;6,890179752;51,02833067;0
238882;5;3;15;0;2019;4;13;4;2;0;7;0;0;0;0;1;0;1;353064,7677;5650542,99;6,906456007;50,98769678;0
238883;5;3;15;0;2019;4;9;4;3;2;6;0;0;1;0;1;0;0;352584,9061;5646605,387;6,901219806;50,95218881;0
238884;5;3;15;0;2019;4;18;4;3;1;5;0;1;1;0;0;0;0;350660,9623;5647305,744;6,873560919;50,9579872;0
238885;5;3;15;0;2019;4;18;4;3;9;7;0;0;0;0;1;0;0;359014,4744;5637980,502;6,99603049;50,87628461;0
238886;5;3;15;0;2019;4;8;4;3;4;6;0;1;0;0;0;0;0;354708,4212;5643446,871;6,932691045;50,92434329;0
238887;5;3;15;0;2019;4;14;4;3;3;6;0;1;1;0;0;0;0;355416,5873;5645180,703;6,942072572;50,9401028;0
238889;5;3;15;0;2019;4;10;4;3;9;1;0;0;1;0;0;0;0;356257,1738;5643665,37;6,954626537;50,92669487;0
238890;5;3;15;0;2019;4;8;4;3;5;3;0;1;1;0;0;0;0;355855,0611;5644467,3;6,948591518;50,93380135;0
238979;5;3;15;0;2019;5;19;4;3;0;7;0;1;0;0;0;0;0;365025,694;5637790,248;7,081491927;50,87600993;0
238980;5;3;15;0;2019;5;14;4;3;5;3;0;1;0;0;0;0;0;357546,654;5643596,618;6,97298959;50,92639685;0
238981;5;3;15;0;2019;5;14;4;3;6;7;0;1;0;1;0;0;0;349765,6129;5647513,957;6,860735559;50,95962553;0
239036;5;3;15;0;2019;4;13;3;3;6;4;0;0;1;1;0;0;0;359037,2228;5642421,272;6,994639655;50,91620004;0
239037;5;3;15;0;2019;4;13;3;3;6;6;0;0;1;1;0;0;0;361795,1659;5650408,424;7,030817476;50,98864977;0
239038;5;3;15;0;2019;4;19;3;3;5;3;0;1;1;0;0;0;0;353881,435;5650627,382;6,918049761;50,98866305;0
239039;5;3;15;0;2019;4;14;3;2;5;3;0;0;1;0;0;0;0;357583,4178;5647014,028;6,972176311;50,95711805;0
239040;5;3;15;0;2019;4;12;3;3;4;6;0;1;1;0;0;0;0;347675,0629;5647776,457;6,830879922;50,96143554;0
239041;5;3;15;0;2019;4;15;3;3;6;6;0;1;0;1;0;0;0;357395,9862;5642300,973;6,971353724;50,91471569;0
239042;5;3;15;0;2019;4;7;3;2;5;3;0;1;1;0;0;0;0;356723,824;5645535,177;6,96052704;50,94361472;0
239043;5;3;15;0;2019;4;18;3;2;7;1;0;1;0;0;0;0;0;357151,211;5643048,454;6,967581235;50,92137275;0
239123;5;3;15;0;2019;4;17;2;3;1;2;0;0;1;0;0;0;0;359356,0367;5643120,275;6,998902662;50,92255986;0
239124;5;3;15;0;2019;4;14;2;3;6;7;0;0;1;1;0;0;0;363857,8528;5644403,389;7,062435993;50,93517165;0
239125;5;3;15;0;2019;4;6;2;3;5;3;1;1;1;0;0;0;0;359829,291;5652566,203;7,001992238;51,00756645;0
239126;5;3;15;0;2019;4;17;2;3;6;4;0;1;0;1;0;0;0;362854,5675;5651376,937;7,045537;50,99760745;0
239127;5;3;15;0;2019;4;10;2;3;3;6;0;0;1;0;1;0;0;356287,7085;5647438,555;6,953572008;50,96061152;0
239190;5;3;15;0;2019;4;16;1;3;8;1;0;0;1;0;0;0;0;360161,1466;5648247,101;7,008381901;50,96883112;1
239191;5;3;15;0;2019;4;11;1;3;1;1;0;0;1;0;0;0;0;361846,455;5649819,163;7,031771842;50,98336627;0
239192;5;3;15;0;2019;4;14;1;3;0;7;0;1;0;0;0;0;0;356987,6015;5648687,358;6,963040607;50,97200849;0
239193;5;3;15;0;2019;4;22;1;3;5;3;2;0;1;0;0;0;0;357127,3498;5643125,19;6,96721191;50,92205645;0
239241;5;3;15;0;2019;5;13;2;3;6;4;0;0;1;1;0;0;0;363334,4944;5638641,65;7,057149807;50,88326446;0
239243;5;3;15;0;2019;5;23;2;2;0;7;2;0;1;0;0;0;0;359435,8153;5647296,931;6,998425406;50,96011534;0
239244;5;3;15;0;2019;5;8;2;3;0;5;0;1;1;0;0;0;0;351784,429;5646033,49;6,890064275;50,94684419;0
239245;5;3;15;0;2019;5;17;2;3;0;1;1;1;0;0;0;0;0;353436,2205;5643028,842;6,914770058;50,92026482;1
239246;5;3;15;0;2019;5;7;2;3;3;6;0;1;0;0;0;0;0;353389,227;5641695,05;6,914637895;50,90826654;0
239247;5;3;15;0;2019;5;0;2;3;6;2;2;0;1;1;0;0;0;356462,3451;5645980,177;6,956632148;50,94754883;0
239288;5;3;15;0;2019;5;20;1;3;1;7;1;0;1;0;0;0;1;359728,8286;5647307,976;7,00259082;50,960286;0
239289;5;3;15;0;2019;5;17;1;3;6;7;0;0;1;1;0;0;0;360829,4429;5646954,207;7,018388381;50,95737351;0
239311;5;3;15;0;2019;5;22;7;3;0;2;2;0;1;0;1;0;0;353640,5659;5647638,034;6,915823539;50,96173784;1
239312;5;3;15;0;2019;5;20;7;3;0;1;0;1;0;0;0;0;0;355085,3778;5644006,002;6,937828686;50,92946289;1
239365;5;3;15;0;2019;5;18;6;3;2;6;0;0;1;0;0;0;0;353160,9207;5647720,105;6,908965068;50,96235334;0
239366;5;3;15;0;2019;5;11;6;3;2;6;0;0;1;0;0;0;0;359354,2705;5638655,323;7,000597589;50,88243216;0
239367;5;3;15;0;2019;5;8;6;2;5;2;0;1;1;0;0;0;0;356640,1098;5641640,167;6,960867699;50,9085898;0
239368;5;3;15;0;2019;5;2;6;3;6;7;2;0;1;1;0;0;0;356772,4182;5642909,541;6,962250052;50,92003044;1
239445;5;3;15;0;2019;5;17;5;3;6;7;0;0;1;1;0;0;0;361731,6939;5649506,71;7,030256782;50,98053065;0
239446;5;3;15;0;2019;5;7;5;3;3;3;0;1;1;0;0;0;0;356259,6383;5648490,473;6,952756936;50,9700579;0
239448;5;3;15;0;2019;5;19;5;3;5;2;0;0;1;0;0;0;0;356764,539;5648939,706;6,959766227;50,97422086;1
239449;5;3;15;0;2019;5;17;5;3;5;3;0;1;1;0;0;0;0;356512,796;5648873,64;6,95620893;50,97356447;0
239450;5;3;15;0;2019;5;13;5;3;0;7;0;0;0;0;0;0;1;361366,4308;5637882,832;7,029476945;50,87597581;0
239451;5;3;15;0;2019;5;21;5;3;5;3;2;1;1;0;0;0;0;355851,317;5644464,516;6,948539371;50,93377539;1
239490;5;3;15;0;2019;5;14;6;2;0;1;0;1;0;0;0;0;0;366280,442;5635652,26;7,100097701;50,85708591;0
239491;5;3;15;0;2019;5;12;6;3;5;3;0;1;1;0;0;0;0;360468,9025;5648785,61;7,012555594;50,9737454;1
239492;5;3;15;0;2019;5;22;6;3;0;1;2;1;0;0;0;0;0;356548,8488;5648927,114;6,956701009;50,97405402;1
239493;5;3;15;0;2019;5;12;6;2;0;1;0;1;0;0;0;0;0;352494,0084;5644670,588;6,900710124;50,9347784;1
239494;5;3;15;0;2019;5;8;6;2;5;7;0;1;1;0;0;0;0;352422,1595;5646653,173;6,898885043;50,95257659;1
239496;5;3;15;0;2019;5;11;6;3;5;2;0;1;1;0;0;0;0;352924,9992;5645845,316;6,906365317;50,94544526;0
239497;5;3;15;0;2019;5;10;6;3;1;1;0;1;1;0;0;0;0;355261,1235;5642032,368;6,941111098;50,91177034;1
239498;5;3;15;0;2019;5;12;6;3;0;1;0;1;0;0;0;0;0;354957,5112;5643894,669;6,936054671;50,92843022;1
239499;5;3;15;0;2019;5;12;6;3;5;3;0;1;1;0;0;0;0;353690,2111;5643955,296;6,918009412;50,92865502;0
239500;5;3;15;0;2019;5;7;6;3;6;4;0;0;1;1;0;0;0;355688,161;5643921,509;6,946433988;50,92885468;1
239573;5;3;15;0;2019;5;15;5;3;6;4;0;1;0;1;0;0;0;364289,7331;5639194,585;7,070515977;50,88845917;0
239574;5;3;15;0;2019;5;14;5;3;0;7;0;1;0;0;0;0;0;359040,9774;5642429,219;6,994689962;50,91627238;0
239575;5;3;15;0;2019;5;9;5;3;6;7;0;0;1;1;0;0;0;356589,7291;5641907,326;6,960046592;50,91097823;0
239576;5;3;15;0;2019;5;8;5;3;6;5;0;0;0;1;0;0;1;354994,3868;5645360,329;6,935995848;50,94161103;0
239645;5;3;15;0;2019;5;21;4;3;6;7;2;0;1;1;0;0;0;363794,344;5640095,496;7,063141076;50,89643953;1
239646;5;3;15;0;2019;5;12;4;3;1;5;0;1;1;0;0;0;0;354082,7508;5645730,413;6,922880493;50,94470687;1
239647;5;3;15;0;2019;5;5;4;3;2;6;1;0;0;0;1;0;0;352369,8268;5645512,066;6,898603098;50,9423086;0
239648;5;3;15;0;2019;5;8;4;3;5;3;0;0;1;0;0;0;0;354498,4377;5642124,496;6,930232818;50,91240651;1
239649;5;3;15;0;2019;5;16;4;3;0;5;0;1;1;0;0;0;0;353801,5075;5643022,534;6,919966025;50,9203008;1
239650;5;3;15;0;2019;5;18;4;3;6;2;0;0;1;1;0;0;0;356394,8336;5645431,523;6,955888054;50,94260135;1
239707;5;3;15;0;2019;5;11;3;3;5;3;0;1;1;0;0;0;0;353503,1186;5650124,417;6,912865977;50,98404697;0
239708;5;3;15;0;2019;5;15;3;3;6;7;0;0;1;1;0;0;0;353612,6126;5653509,478;6,913060059;51,01449479;0
239709;5;3;15;0;2019;5;8;3;3;5;3;0;1;1;0;0;0;0;352217,8484;5644826,299;6,896719526;50,936107;0
239710;5;3;15;0;2019;5;9;3;3;6;7;0;1;0;1;0;0;0;353825,4744;5642003,496;6,920715074;50,91114908;0
239711;5;3;15;0;2019;5;20;3;3;0;7;0;1;0;0;0;0;0;354882,6063;5644856,562;6,934606531;50,93705568;0
239784;5;3;15;0;2019;5;16;3;3;0;7;0;1;0;0;0;0;0;361187,8548;5644381,619;7,024469008;50,93433952;0
239785;5;3;15;0;2019;5;14;3;3;1;5;0;0;1;0;0;0;1;358496,8632;5651786,515;6,983316149;51,00023323;0
239786;5;3;15;0;2019;5;15;3;3;5;2;0;0;1;0;0;0;0;352166,1837;5653659,609;6,892393034;51,01547393;0
239787;5;3;15;0;2019;5;13;3;3;6;7;0;0;1;1;0;0;0;353205,9743;5646248,028;6,910199862;50,94913588;0
239788;5;3;15;0;2019;5;19;3;3;6;4;0;0;1;1;0;0;0;354064,5791;5636565,225;6,926285684;50,86233707;0
239789;5;3;15;0;2019;5;15;3;3;1;5;0;1;1;0;0;0;0;359189,5439;5639135,425;6,998072405;50,88670681;0