OBJECTID;ULAND;UREGBEZ;UKREIS;UGEMEINDE;UJAHR;UMONAT;USTUNDE;UWOCHENTAG;UKATEGORIE;UART;UTYP1;ULICHTVERH;IstRad;IstPKW;IstFuss;IstKrad;IstGkfz;IstSonstige;LINREFX;LINREFY;XGCSWGS84;YGCSWGS84;STRZUSTAND
249640;5;3;15;0;2019;10;17;3;3;0;1;0;1;0;0;0;0;0;354133,7042;5643342,375;6,924561099;50,92325919;1
249641;5;3;15;0;2019;10;17;3;3;9;1;0;0;0;0;0;0;1;354912,685;5643682,786;6,93550156;50,9265148;1
249642;5;3;15;0;2019;10;15;3;2;5;5;0;1;1;0;0;0;0;356207,2291;5642919,547;6,954210429;50,9199798;1
249643;5;3;15;0;2019;10;17;3;3;5;3;0;0;1;0;0;0;0;355504,383;5643362,279;6,944042244;50,92378297;0
249644;5;3;15;0;2019;10;11;4;3;5;2;0;1;1;0;0;0;0;361320,0112;5649648,458;7,02434167;50,98170554;0
249647;5;3;15;0;2019;10;18;4;3;5;3;0;1;1;0;0;0;0;357441,387;5648940,268;6,96940048;50,97439386;0
249651;5;3;15;0;2019;10;14;4;3;5;3;0;0;1;0;0;0;1;355310,6463;5648455,108;6,939264168;50,96950248;0
249670;5;3;15;0;2019;10;11;4;3;6;4;0;1;0;1;0;0;0;357226,2813;5648059,047;6,966684532;50,96642114;1
249685;5;3;15;0;2019;10;20;4;3;1;7;2;0;1;0;0;0;0;347612,8513;5645466,472;6,830961518;50,94066129;0
249693;5;3;15;0;2019;10;9;4;2;5;1;0;1;1;0;0;0;0;352895,6783;5647783,759;6,905164894;50,96285771;1
249703;5;3;15;0;2019;10;6;4;3;5;3;2;1;1;0;0;0;0;355711,5525;5642357,552;6,947385389;50,91480549;1
249710;5;3;15;0;2019;10;15;4;3;5;3;0;0;1;0;0;0;0;354845,3049;5642482,707;6,935021081;50,91571302;0
249714;5;3;15;0;2019;10;11;4;3;0;3;0;1;1;0;0;0;0;356076,9149;5644828,607;6,951603989;50,93710376;0
249718;5;3;15;0;2019;10;18;4;3;6;6;0;0;0;1;0;0;1;355563,4573;5645202,485;6,94415297;50,94033536;0
249725;5;3;15;0;2019;10;17;4;3;0;7;0;0;0;0;0;0;1;356345,5434;5645329,823;6,95522703;50,9416751;0
249727;5;3;15;0;2019;9;15;2;3;6;4;0;0;1;1;0;0;0;359492,7144;5650532,855;6,997984604;50,98921062;0
249728;5;3;15;0;2019;9;5;2;3;4;2;2;0;1;0;0;0;1;361864,0657;5648992,852;7,032336599;50,97594426;1
249729;5;3;15;0;2019;9;7;2;3;2;6;1;0;1;0;0;0;0;361865,5628;5649008,808;7,032351849;50,97608802;1
249730;5;3;15;0;2019;9;22;2;3;0;2;2;0;1;0;0;0;1;362908,379;5649010,262;7,047196373;50,97635028;0
249731;5;3;15;0;2019;9;21;2;2;5;7;2;0;1;0;0;0;0;357519,4246;5648954,865;6,970505578;50,97454435;0
249732;5;3;15;0;2019;9;8;2;3;0;2;0;0;1;0;0;0;1;354469,0097;5651285,632;6,926152137;50,99472734;1
249733;5;3;15;0;2019;9;18;2;3;5;3;0;1;1;0;0;0;0;354470,585;5646348,016;6,928150603;50,95035511;0
249734;5;3;15;0;2019;9;0;2;3;1;5;2;0;1;0;0;0;0;355148,0604;5647123,05;6,937480478;50,95749079;1
249735;5;3;15;0;2019;9;20;2;3;5;2;2;0;1;0;0;0;0;352337,443;5645926,659;6,897974394;50,94602606;0
249736;5;3;15;0;2019;9;12;2;3;2;7;0;0;1;0;0;0;0;357142,3662;5636363,509;6,970069552;50,86129287;0
249737;5;3;15;0;2019;9;14;2;3;3;6;0;0;1;0;1;0;0;356191,1572;5644403,982;6,953396411;50,93331622;0
249776;5;3;15;0;2019;9;22;1;2;0;4;2;0;0;1;0;0;1;353569,252;5651493,996;6,913255452;50,99637159;1
249777;5;3;15;0;2019;9;5;1;2;6;4;2;1;0;1;0;0;0;353010,9585;5646214,517;6,907439069;50,94878504;0
249778;5;3;15;0;2019;9;1;1;2;8;1;2;0;0;0;0;0;1;354532,7474;5646306,189;6,929051678;50,94999492;0
249810;5;3;15;0;2019;9;12;7;3;1;6;0;0;1;0;0;0;0;358944,8026;5642531,714;6,993283028;50,91717001;0
249812;5;3;15;0;2019;9;6;7;3;0;7;2;0;0;0;1;0;0;351888,2261;5646828,589;6,891217382;50,95401601;0
249813;5;3;15;0;2019;9;8;7;3;6;4;0;0;1;1;0;0;0;355209,6357;5641497,407;6,940591436;50,90694982;0
249814;5;3;15;0;2019;9;17;7;3;5;3;0;1;1;0;0;0;0;355179,7598;5645607,646;6,938534286;50,9438802;0
249886;5;3;15;0;2019;10;19;1;3;6;7;2;0;1;1;0;0;0;358543,1554;5642265,095;6,98767615;50,91467557;1
249887;5;3;15;0;2019;10;0;1;2;6;4;2;0;0;1;0;0;1;362591,221;5647118,331;7,043396147;50,95927134;0
249888;5;3;15;0;2019;10;13;1;3;0;7;0;0;1;0;1;0;0;360280,0709;5648028,208;7,01015864;50,96689276;1
249889;5;3;15;0;2019;10;3;1;3;0;7;2;1;0;0;0;0;0;355245,2636;5644143;6,940047926;50,9307342;0
249920;5;3;15;0;2019;10;14;7;2;5;3;0;1;1;0;0;0;0;361838,0493;5648435,402;7,032178057;50,97092809;0
249921;5;3;15;0;2019;10;0;7;2;0;1;2;1;0;0;0;0;0;355968,324;5647825,379;6,94887404;50,96400807;1
249922;5;3;15;0;2019;10;1;7;2;0;1;2;1;0;0;0;0;0;351639,805;5655892,496;6,883980398;51,03540383;1
249923;5;3;15;0;2019;10;20;7;3;3;7;0;0;1;0;0;0;0;354876,5937;5646090,403;6,934029449;50,94814238;0
249924;5;3;15;0;2019;10;14;7;3;0;3;0;1;1;0;0;0;0;354669,7173;5646976,034;6,930732886;50,95604916;0
249925;5;3;15;0;2019;10;19;7;1;5;3;1;0;1;0;1;0;0;352867,6868;5646758,239;6,905181159;50,95363468;0
249926;5;3;15;0;2019;10;19;7;3;0;1;2;1;0;0;0;0;0;353862,6229;5641972,101;6,921255699;50,91087635;0
249927;5;3;15;0;2019;10;18;7;3;0;7;1;1;0;0;0;0;0;356048,1241;5643008,951;6,951913046;50,92074358;0
249928;5;3;15;0;2019;10;11;7;3;3;5;0;0;1;0;0;0;1;356454,5145;5643897,56;6,957341244;50,92883067;0
249991;5;3;15;0;2019;10;11;6;3;2;6;0;0;1;0;0;0;0;359541,6686;5644534,655;7,000997173;50,9353163;1
249992;5;3;15;0;2019;10;10;6;3;2;6;0;0;1;0;0;0;0;353012,7935;5646503,318;6,907348587;50,95138085;1
249993;5;3;15;0;2019;10;16;6;3;5;2;0;1;1;0;0;0;0;353925,473;5645835,715;6,920600999;50,94561335;1
249994;5;3;15;0;2019;10;17;6;3;2;2;0;0;1;0;0;0;0;356313,4969;5641078,008;6,956446442;50,90345652;1
249996;5;3;15;0;2019;10;12;6;3;2;6;0;0;1;0;0;0;0;355987,9213;5643047,519;6,951041862;50,92107517;1
250028;5;3;15;0;2019;10;22;2;3;2;6;2;0;1;0;0;0;0;358080,03;5645199,549;6,979949902;50,94093387;0
250031;5;3;15;0;2019;10;16;2;3;5;2;0;0;1;0;1;0;0;352337,443;5645926,659;6,897974394;50,94602606;0
250044;5;3;15;0;2019;10;7;2;3;6;2;2;0;1;1;0;0;0;355009,4961;5642818,5;6,937221791;50,918772;1
250050;5;3;15;0;2019;10;7;5;3;0;7;0;1;0;0;0;0;0;357960,891;5644693,215;6,978452631;50,93635412;0
250051;5;3;15;0;2019;10;19;5;3;6;2;2;0;1;1;0;0;0;352499,281;5646982,265;6,899848913;50,95555373;1
250052;5;3;15;0;2019;10;1;5;3;0;6;2;1;1;0;0;0;0;355266,4069;5641787,412;6,941283354;50,90957028;0
250055;5;3;15;0;2019;10;6;2;3;1;5;2;1;1;0;0;0;0;354778,2075;5643773,086;6,933553395;50,92729247;1
250070;5;3;15;0;2019;10;10;2;3;5;2;0;1;1;0;0;0;0;356462,0492;5645974,229;6,956630284;50,9474953;0
250078;5;3;15;0;2019;10;6;2;2;0;1;1;1;0;0;0;0;0;355295,9893;5644187,487;6,940751625;50,93114672;1
250095;5;3;15;0;2019;10;16;6;3;0;3;0;1;0;0;0;0;0;355611,404;5648719,956;6,9434396;50,97195808;0
250104;5;3;15;0;2019;10;8;6;3;5;3;0;1;1;0;0;0;0;351087,5541;5646097,81;6,880124794;50,9472426;0
250105;5;3;15;0;2019;10;7;6;3;5;3;2;1;1;0;0;0;0;356876,1059;5641952,631;6,964099666;50,91145646;0
250106;5;3;15;0;2019;10;8;6;2;0;3;0;1;1;0;0;0;0;353377,4234;5644772,882;6,913232693;50,93592295;0
250107;5;3;15;0;2019;10;9;6;3;0;7;0;0;1;0;0;0;0;356207,3677;5645317,085;6,953266611;50,94152619;0
250175;5;3;15;0;2019;10;0;5;3;8;7;2;0;1;0;0;0;0;357956,8681;5644768,374;6,978366116;50,93702858;0
250176;5;3;15;0;2019;10;17;5;3;5;3;0;1;1;0;0;0;0;359447,25;5647431,424;6,998536176;50,96132683;0
250177;5;3;15;0;2019;10;13;5;2;6;4;0;0;1;1;0;0;0;352372,9223;5649442,067;6,897052825;50,97762637;0
250178;5;3;15;0;2019;10;18;5;2;3;2;0;1;0;0;0;0;1;353028,3482;5646381,312;6,907619131;50,95028839;0
250179;5;3;15;0;2019;10;16;5;3;6;4;0;1;0;1;0;0;0;356433,216;5645194,297;6,95652752;50,94047898;0
250180;5;3;15;0;2019;10;18;5;3;5;2;0;0;1;0;0;0;1;355439,954;5644301,477;6,942753731;50,93220723;0
250232;5;3;15;0;2019;10;6;4;3;6;4;2;0;1;1;0;0;0;365053,3536;5639251,652;7,081345282;50,88915096;1
250233;5;3;15;0;2019;10;12;4;3;0;7;0;0;0;0;0;0;1;359437,1079;5644439,07;6,999546904;50,9344318;0
250234;5;3;15;0;2019;10;8;4;3;5;3;0;1;1;0;0;0;0;364244,2602;5649151,058;7,066161125;50,97793215;1
250235;5;3;15;0;2019;10;15;4;3;5;2;0;0;1;0;1;0;0;355638,7918;5650220,519;6,943233506;50,9854501;1
250236;5;3;15;0;2019;10;8;4;3;5;3;0;1;1;0;0;0;0;356818,72;5644313,686;6,96235694;50,93266087;0
250237;5;3;15;0;2019;10;0;4;3;0;7;2;1;0;0;0;0;0;356490,7;5643155,77;6,958147777;50,92217328;1
250306;5;3;15;0;2019;10;10;3;3;4;2;0;0;1;0;1;0;0;364904,9551;5638962,473;7,079343553;50,88651724;1
250307;5;3;15;0;2019;10;21;3;3;6;4;2;0;1;1;0;0;0;365861,7262;5635838,935;7,094083638;50,85866673;1
250308;5;3;15;0;2019;10;12;3;3;6;7;0;0;1;1;0;0;0;362251,4367;5644025,583;7,039730629;50,93139471;1
250309;5;3;15;0;2019;10;17;3;3;2;6;0;0;1;0;1;0;0;356796,2434;5646525,558;6,961167726;50,95253315;1
250310;5;3;15;0;2019;10;13;3;3;1;5;0;1;1;0;0;0;0;355974,0403;5647351,128;6,949143109;50,95974751;1
250311;5;3;15;0;2019;10;17;3;3;1;5;0;0;0;0;1;0;1;358446,4242;5648417,558;6,98391015;50,96994419;1
250312;5;3;15;0;2019;10;16;3;2;0;4;0;0;1;1;0;0;0;352726,6233;5654703,759;6,899953213;51,02500091;1
250313;5;3;15;0;2019;10;15;3;3;6;4;0;0;1;1;0;0;0;350190,5012;5644065,916;6,868199451;50,92875084;1
250314;5;3;15;0;2019;10;17;3;3;5;3;0;1;1;0;0;0;0;351519,8518;5649427,074;6,884915794;50,97727231;1
250315;5;3;15;0;2019;10;5;3;2;4;2;2;0;1;0;0;0;0;353023,907;5645826,275;6,907779964;50,94529937;1
250316;5;3;15;0;2019;10;18;3;3;5;3;0;1;1;0;0;0;0;352350,9925;5645753,076;6,898237507;50,94446962;1
250317;5;3;15;0;2019;10;6;3;3;1;5;1;0;1;0;1;0;0;355290,1352;5641892,047;6,941579146;50,91051657;1
250318;5;3;15;0;2019;10;15;3;3;0;6;0;0;1;0;0;0;0;358139,0981;5640739,648;6,982524858;50,90086711;1
250319;5;3;15;0;2019;10;16;3;3;4;2;0;0;1;0;1;0;0;356383,8259;5641195,915;6,957399619;50,90453365;1
250320;5;3;15;0;2019;10;8;3;3;2;6;0;0;1;0;0;0;0;356869,075;5644432,313;6,963026481;50,93373946;1
250321;5;3;15;0;2019;10;17;3;3;3;1;0;0;1;0;0;0;0;355531,4934;5645904,141;6,943420029;50,94663298;1
250322;5;3;15;0;2019;10;19;3;3;6;4;2;0;1;1;0;0;0;355739,0296;5645278,938;6,946619999;50,94106638;0
250385;5;3;15;0;2019;10;13;3;2;0;1;0;1;0;0;0;0;0;365670,0616;5645416,2;7,087838295;50,94469934;0
250386;5;3;15;0;2019;10;21;3;3;5;3;2;0;1;0;0;0;0;356099,9685;5650128,157;6,949836126;50,98473554;1
250387;5;3;15;0;2019;10;8;3;3;0;4;0;0;1;1;0;0;0;347796,7761;5647588,821;6,832690283;50,95978159;1
250388;5;3;15;0;2019;10;21;3;3;0;2;2;0;1;1;0;0;0;353652,083;5646923,833;6,916274627;50,95532252;1
250389;5;3;15;0;2019;10;19;3;2;6;4;2;0;1;1;0;0;0;354967,2479;5647021,23;6,934948285;50,95653028;1
250390;5;3;15;0;2019;10;10;3;2;3;7;0;0;1;0;0;0;0;352371,7597;5650769,984;6,896496843;50,98955934;0
250391;5;3;15;0;2019;10;12;3;3;8;2;0;1;1;0;0;0;0;350979,2174;5647156,441;6,878150358;50,95672789;0
250392;5;3;15;0;2019;10;9;3;3;0;1;0;1;0;0;0;0;0;355496,2136;5645666,501;6,943012439;50,94448852;1
250393;5;3;15;0;2019;10;0;3;3;6;4;2;1;0;1;0;0;0;356600,0168;5644320,708;6,959243875;50,93266965;0
250457;5;3;15;0;2019;10;11;2;3;5;3;0;0;1;0;0;0;0;364634,9534;5639700,669;7,075233726;50,89308864;0
250458;5;3;15;0;2019;10;20;2;2;1;5;2;0;1;0;1;0;0;360331,7062;5647745,38;7,011002124;50,96436347;0
250459;5;3;15;0;2019;10;11;2;3;2;3;0;1;1;0;0;0;0;354536,3789;5645319,767;6,929497322;50,94113115;0
250460;5;3;15;0;2019;10;14;2;3;5;3;0;1;1;0;0;0;0;359528,101;5636160,091;7,004025483;50,86004922;0
250461;5;3;15;0;2019;10;19;2;2;0;1;1;1;0;0;0;0;0;356197,8993;5646275,088;6,952753664;50,95013324;0
250462;5;3;15;0;2019;10;17;2;3;1;5;0;1;1;0;0;0;0;355334,3665;5645100,58;6,940934907;50,93936212;0
250517;5;3;15;0;2019;10;22;1;3;1;5;2;0;1;0;0;0;0;360753,113;5644290,194;7,018320782;50,93341305;0
250518;5;3;15;0;2019;10;19;1;3;6;4;1;1;0;1;0;0;0;349871,1917;5659221,567;6,857393435;51,06485999;0
250519;5;3;15;0;2019;10;11;1;2;5;3;0;1;1;0;0;0;0;355416,7497;5651008,037;6,939758768;50,99247158;0
250520;5;3;15;0;2019;10;0;1;2;0;1;2;0;0;0;0;0;1;355334,4841;5645895,215;6,940620987;50,94650336;0
250552;5;3;15;0;2019;10;1;7;2;7;7;2;0;0;0;0;0;1;360356,3168;5641298,182;7,013822982;50,90642728;0
250553;5;3;15;0;2019;10;10;7;2;1;7;0;1;1;0;0;0;0;354250,2606;5636437,378;6,928973259;50,86123497;0
250554;5;3;15;0;2019;10;13;7;3;2;6;0;0;1;0;0;0;0;357148,8229;5642029,696;6,967946216;50,91221661;0
250555;5;3;15;0;2019;10;17;7;3;1;5;0;0;1;0;0;0;0;356626,3547;5643864,278;6,959797969;50,9285743;0
250596;5;3;15;0;2019;10;11;1;3;5;2;0;0;1;0;0;0;0;359355,8126;5643120,098;6,998899543;50,92255821;1
250597;5;3;15;0;2019;10;1;1;2;0;7;2;0;0;0;0;0;1;359200,4139;5644112,069;6,996306867;50,93143526;1
250598;5;3;15;0;2019;10;22;1;3;5;3;2;0;1;0;0;0;0;359609,269;5646187,866;7,00132146;50,95019036;1
250599;5;3;15;0;2019;10;21;1;3;5;3;2;0;1;0;0;0;0;354054,8708;5649493,317;6,920974631;50,97851567;1
250600;5;3;15;0;2019;10;19;1;3;9;1;2;0;1;0;0;0;0;355099,6884;5644542,522;6,937818897;50,93428806;1
250601;5;3;15;0;2019;10;12;1;3;0;1;0;0;0;0;1;0;0;356206,4748;5645037,352;6,95336432;50,93901204;1
250627;5;3;15;0;2019;10;16;7;3;5;3;0;0;1;0;0;0;0;358582,1284;5646062,822;6,986756713;50,94881549;1
250629;5;3;15;0;2019;10;17;7;3;5;2;0;0;1;0;0;0;0;353471,8299;5647043,552;6,913661778;50,95635259;1
250630;5;3;15;0;2019;10;11;7;2;0;7;0;1;0;0;0;0;0;356860,3043;5641243,817;6,964153033;50,90508247;0
250631;5;3;15;0;2019;10;12;7;2;0;1;0;1;0;0;0;0;0;356734,1713;5644431,132;6,961108356;50,93369535;1
250683;5;3;15;0;2019;10;16;6;3;1;5;0;0;1;0;0;1;0;363271,1365;5639208,005;7,056037758;50,88833959;0
250684;5;3;15;0;2019;10;16;6;3;0;7;0;1;0;1;0;0;0;358403,556;5641826,619;6,985861716;50,91070072;1
250685;5;3;15;0;2019;10;11;6;3;4;6;0;1;1;0;0;0;0;353249,6434;5656038,412;6,90686548;51,03712845;1
250686;5;3;15;0;2019;10;15;6;2;1;5;0;0;1;0;0;0;1;351926,3595;5654949,865;6,888449593;51,02700693;1
250687;5;3;15;0;2019;10;23;6;3;3;5;2;1;1;0;0;0;0;352828,7805;5647450,599;6,904347668;50,95984667;0
250688;5;3;15;0;2019;10;17;6;3;0;1;0;1;0;0;0;0;0;357385,8991;5640212,925;6,97202609;50,8959479;1
250689;5;3;15;0;2019;10;15;6;3;1;5;0;0;1;0;0;0;0;357520,5913;5640467,075;6,973840983;50,8982652;0
250690;5;3;15;0;2019;10;8;6;3;1;5;0;1;1;0;0;0;0;355862,048;5645497,339;6,948283397;50,94305987;0
250749;5;3;15;0;2019;10;4;5;3;6;4;2;0;1;1;0;0;0;364824,869;5639758,434;7,077911149;50,89365229;1
250750;5;3;15;0;2019;10;14;5;3;5;3;0;1;1;0;0;0;0;365334,0429;5637821,889;7,08586049;50,87636625;1
250751;5;3;15;0;2019;10;12;5;2;3;6;0;1;0;0;1;0;0;368865,7874;5638402,524;7,135823589;50,88239716;1
250752;5;3;15;0;2019;10;14;5;3;5;3;0;1;1;0;0;0;0;356880,8197;5650084,857;6,960970519;50,98454105;1
250753;5;3;15;0;2019;10;21;5;2;0;1;2;0;1;0;1;0;0;356978,826;5654324,481;6,960695452;51,02266605;1
250754;5;3;15;0;2019;10;17;5;3;5;3;0;1;1;0;0;0;0;352931,4721;5647926,568;6,905616525;50,96415021;1
250755;5;3;15;0;2019;10;15;5;3;5;3;0;0;1;0;0;0;0;356885,4717;5641088,936;6,964571462;50,9036968;0
250756;5;3;15;0;2019;10;19;5;3;1;1;2;1;1;0;0;0;0;353904,9378;5643223,534;6,921356025;50,92213333;1
250757;5;3;15;0;2019;10;9;5;3;5;3;0;1;1;0;0;0;0;356913,1172;5646012,897;6,963032034;50,94795495;1
250821;5;3;15;0;2019;10;19;4;2;6;2;2;0;1;1;0;0;0;364634,8135;5639700,612;7,075231759;50,8930881;1
250822;5;3;15;0;2019;10;19;4;3;6;2;2;0;1;1;0;0;0;355270,276;5647194,726;6,939190977;50,95816563;1
250823;5;3;15;0;2019;10;18;4;3;1;5;2;1;1;0;0;0;0;356273,4844;5646541,697;6,953723754;50,95254806;1
250824;5;3;15;0;2019;10;18;4;3;0;1;2;0;0;0;0;0;1;354652,9013;5645259,784;6,931178657;50,94062148;1
250825;5;3;15;0;2019;10;12;4;3;1;6;0;1;1;0;0;0;0;349411,193;5645734,874;6,856428416;50,94354569;1
250863;5;3;15;0;2019;10;14;6;3;1;5;0;1;1;0;0;0;0;353445,8849;5648263,572;6,912801236;50,96730981;0
250899;5;3;15;0;2019;10;12;5;3;0;1;0;0;0;0;0;0;1;358824,8359;5644943,078;6,99064366;50,93881179;0
250900;5;3;15;0;2019;10;9;5;3;5;3;0;0;1;0;1;0;0;362708,0397;5650854,714;7,043647554;50,99287916;0
250901;5;3;15;0;2019;10;19;5;3;5;2;1;1;1;0;0;0;0;353512,9819;5646519,774;6,914458076;50,95165606;0
250902;5;3;15;0;2019;10;17;5;3;2;2;0;0;1;0;0;1;0;357324,0373;5637595,499;6,972168801;50,87240971;0
250918;5;3;15;0;2019;10;16;6;3;0;7;0;0;0;1;1;0;0;355929,143;5647603,294;6,948404392;50,96200245;0
250931;5;3;15;0;2019;10;16;6;3;3;2;0;1;1;0;0;0;0;354710,7395;5642252,016;6,933199943;50,91360598;0
250959;5;3;15;0;2019;10;16;4;3;5;2;0;1;1;0;0;0;0;363924,103;5639483,008;7,065213309;50,89096537;0
250960;5;3;15;0;2019;10;12;4;3;6;7;0;0;0;1;0;0;1;355456,2045;5647224,254;6,94182486;50,95847766;0
250961;5;3;15;0;2019;10;8;4;3;1;7;0;0;1;0;0;0;0;358705,8549;5639204,866;6,99117337;50,88721279;0
250970;5;3;15;0;2019;10;9;6;3;5;3;0;0;0;0;1;1;0;351914,114;5649747,823;6,890397276;50,98025622;0
250983;5;3;15;0;2019;10;14;6;3;6;4;0;1;0;1;0;0;0;355456,6298;5643471,965;6,943319776;50,92475674;0
251020;5;3;15;0;2019;10;3;3;3;2;6;2;0;1;0;0;0;0;367545,3276;5637842,893;7,117265759;50,87706609;0
251021;5;3;15;0;2019;10;14;3;3;0;7;0;0;1;0;0;0;0;367298,5204;5638400,624;7,113557169;50,88202225;0
251022;5;3;15;0;2019;10;23;3;3;2;6;2;0;1;0;0;0;0;359433,5039;5645832,528;6,998957975;50,94695406;0
251023;5;3;15;0;2019;10;9;3;3;5;3;0;1;1;0;0;0;0;355374,7167;5649425,399;6,939790131;50,97823831;0
251024;5;3;15;0;2019;10;8;6;3;0;6;0;1;0;0;0;1;0;360769,3161;5640596,393;7,019961035;50,90021986;0
251025;5;3;15;0;2019;10;12;3;3;3;6;0;1;1;0;0;0;0;356918,2247;5646633,877;6,96286066;50,95353689;0
251026;5;3;15;0;2019;10;14;3;3;3;6;0;1;1;0;0;0;0;347648,6127;5645407,931;6,831494627;50,94014468;0
251036;5;3;15;0;2019;10;21;6;3;6;4;2;0;1;1;0;0;0;356727,0711;5642208,899;6,961880494;50,91372256;0
251070;5;3;15;0;2019;10;17;2;3;1;1;0;0;1;0;0;1;0;363844,42;5638505,801;7,064445137;50,88216391;1
251071;5;3;15;0;2019;10;10;2;3;2;7;0;0;1;0;0;0;0;365073,3898;5640025,043;7,081344321;50,89610658;0
251072;5;3;15;0;2019;10;17;2;2;3;6;0;1;0;1;0;0;0;361292,02;5647019,524;7,024945803;50,95807206;1
251073;5;3;15;0;2019;10;16;2;3;2;2;0;0;1;0;0;0;0;351515,0113;5649443,341;6,884840248;50,97741724;0
251074;5;3;15;0;2019;10;8;2;2;4;5;0;1;0;0;0;0;0;355975,4974;5644762,688;6,950187599;50,93648604;0
251075;5;3;15;0;2019;10;7;6;3;0;4;1;0;1;1;0;0;0;356410,1455;5648775,529;6,954786543;50,97265719;0
251076;5;3;15;0;2019;10;18;2;3;1;5;2;1;1;0;0;0;0;356228,8255;5645319,135;6,953571022;50,94154996;0
251088;5;3;15;0;2019;10;18;6;3;5;7;0;1;1;0;0;0;0;355855,3077;5644468,487;6,948594555;50,93381207;0
251137;5;3;15;0;2019;10;12;3;3;6;7;0;0;1;1;0;0;0;356144,5248;5647841,062;6,951375362;50,96419304;0
251138;5;3;15;0;2019;10;13;3;3;5;3;0;1;1;0;0;0;0;356716,6964;5642292,045;6,961700356;50,91446721;0
251139;5;3;15;0;2019;10;18;3;3;6;4;1;1;0;1;0;0;0;354856,0196;5643815,846;6,934642836;50,92769633;0
251140;5;3;15;0;2019;10;7;3;3;0;5;0;1;1;0;0;0;0;355343,2032;5643146,579;6,941836038;50,92180413;0
251222;5;3;15;0;2019;10;12;2;3;1;7;0;1;1;0;0;0;0;355732,1303;5644605,236;6,946788616;50,93501022;0
251264;5;3;15;0;2019;10;0;1;3;0;1;2;1;0;0;0;0;0;358935,9032;5639843,585;6,994195288;50,89300928;0
251265;5;3;15;0;2019;10;12;1;3;6;7;0;0;1;1;0;0;0;356722,1752;5645563,293;6,960492525;50,94386698;0
251304;5;3;15;0;2019;10;13;7;3;5;2;0;1;1;0;0;0;0;364021,9178;5640157,931;7,066351981;50,8970543;0
251305;5;3;15;0;2019;10;14;7;2;5;3;0;1;0;0;1;0;0;353471,0936;5642708,468;6,915394561;50,91739458;0
251306;5;3;15;0;2019;10;11;7;2;0;7;0;0;0;0;0;0;1;356569,344;5646344,288;6,9580109;50,95084768;0
251307;5;3;15;0;2019;10;13;7;3;6;2;0;0;1;1;0;0;0;356497,173;5643641,137;6,958048798;50,92653683;0
251308;5;3;15;0;2019;10;23;7;3;5;3;2;0;1;0;0;0;1;354976,1179;5643911,486;6,936312569;50,92858603;0
251309;5;3;15;0;2019;10;18;7;3;6;4;2;0;1;1;0;0;0;356287,1796;5646079,722;6,954100947;50,94839979;0
251385;5;3;15;0;2019;11;9;1;2;1;5;0;0;1;0;1;0;0;355289,5565;5641888,904;6,941572166;50,91048818;1
251413;5;3;15;0;2019;11;14;7;3;9;1;0;0;1;0;0;0;0;356006,991;5651107,14;6,94812435;50,99351016;1
251414;5;3;15;0;2019;11;12;7;3;0;1;0;1;0;0;0;0;0;353807,1815;5647293,739;6,918332807;50,9586861;0
251415;5;3;15;0;2019;11;13;7;3;0;1;0;1;0;0;0;0;0;352371,4538;5649451,207;6,89702821;50,97770813;1
251416;5;3;15;0;2019;11;11;7;3;2;6;0;0;1;0;0;0;0;356883,1138;5641099,229;6,964533913;50,90378871;1
251461;5;3;15;0;2019;11;17;6;3;2;6;1;0;1;0;0;0;0;367809,1383;5638100,128;7,120920442;50,87943848;0
251462;5;3;15;0;2019;11;17;6;3;2;7;2;1;1;0;0;0;0;353248,0286;5648275,571;6,909980562;50,96736727;1
251463;5;3;15;0;2019;11;20;6;3;0;1;2;1;0;0;0;0;0;354800,7267;5643783,978;6,933869273;50,92739603;0
251508;5;3;15;0;2019;10;15;5;3;2;2;0;0;1;0;1;0;0;363432,5125;5641389,806;7,057514801;50,90798667;0
251510;5;3;15;0;2019;10;19;5;3;5;3;2;1;1;0;0;0;0;359400,5353;5644900,122;6,998848854;50,9385664;0
251511;5;3;15;0;2019;10;17;5;3;8;1;2;0;1;0;0;0;0;355172,3968;5654719,543;6,934797999;51,02576411;0
251512;5;3;15;0;2019;10;19;5;2;5;2;2;0;1;0;0;0;0;352814,111;5651765,875;6,902391639;50,99862218;0
251513;5;3;15;0;2019;10;18;5;3;4;6;2;1;1;0;0;0;0;357374,556;5647749,931;6,968915958;50,96367988;0
251514;5;3;15;0;2019;10;13;5;2;5;2;0;0;1;0;1;0;0;349188,7369;5643272,279;6,854283167;50,92135795;0
251515;5;3;15;0;2019;10;16;5;2;5;3;0;1;1;0;0;0;0;351093,9265;5649360,858;6,878880094;50,97656728;0
251516;5;3;15;0;2019;10;17;5;2;6;2;2;0;1;1;0;0;0;355114,307;5647671,638;6,936781787;50,96241231;0