OBJECTID;ULAND;UREGBEZ;UKREIS;UGEMEINDE;UJAHR;UMONAT;USTUNDE;UWOCHENTAG;UKATEGORIE;UART;UTYP1;ULICHTVERH;IstRad;IstPKW;IstFuss;IstKrad;IstGkfz;IstSonstige;LINREFX;LINREFY;XGCSWGS84;YGCSWGS84;STRZUSTAND
253251;5;3;15;0;2019;11;16;7;3;5;7;0;1;1;0;0;0;0;354942,212;5644478,414;6,935604808;50,93367236;0
253316;5;3;15;0;2019;11;12;6;3;6;4;0;0;1;1;0;0;0;359525,4601;5644682,939;7,000709481;50,936645;0
253317;5;3;15;0;2019;11;23;6;3;6;4;2;0;0;1;1;0;0;359880,476;5646278,189;7,005145245;50,95106809;0
253318;5;3;15;0;2019;11;16;6;3;0;3;2;0;1;0;0;0;1;355103,4203;5649313,738;6,935972656;50,97716664;0
253320;5;3;15;0;2019;11;17;6;3;5;2;2;1;1;0;0;0;0;355037,9958;5645981,726;6,93636883;50,94720633;0
253321;5;3;15;0;2019;11;13;6;3;0;1;0;1;0;0;0;0;0;359706,8759;5638907,902;7,005509982;50,88478787;1
253323;5;3;15;0;2019;11;17;6;3;2;6;1;0;1;0;0;1;0;356715,1466;5641884,891;6,961838208;50,91080775;1
253324;5;3;15;0;2019;11;20;6;3;6;2;2;0;1;1;0;0;0;355289,996;5644592,626;6,940505535;50,93478612;0
253395;5;3;15;0;2019;11;21;5;3;6;4;2;0;1;1;0;0;0;359074,518;5644750,386;6,994269604;50,93714113;1
253396;5;3;15;0;2019;11;13;5;3;0;1;0;1;0;0;0;0;0;360690,9472;5643954,273;7,017565034;50,93037905;1
253397;5;3;15;0;2019;11;14;5;2;5;3;0;1;1;0;0;0;0;352542,9042;5653782,784;6,89770984;51,01667756;1
253399;5;3;15;0;2019;11;7;5;3;5;3;2;1;1;0;0;0;0;353001,9326;5654546,753;6,903939832;51,02366044;1
253400;5;3;15;0;2019;11;7;5;3;5;2;1;0;1;0;1;0;0;353023,451;5646124,888;6,907652963;50,94798277;1
253401;5;3;15;0;2019;11;18;5;3;5;2;2;0;1;0;0;0;1;351626,8182;5646272,694;6,887724759;50,94895324;1
253402;5;3;15;0;2019;11;11;5;2;5;3;0;1;1;0;0;0;0;355660,9437;5641834,525;6,946872826;50,91009247;1
253403;5;3;15;0;2019;11;9;5;3;0;7;0;1;0;0;0;0;1;352169,3875;5643174,649;6,896700072;50,92125196;1
253404;5;3;15;0;2019;11;19;5;3;6;4;2;0;1;1;0;0;0;355537,0728;5641813,264;6,945120472;50,90987041;1
253406;5;3;15;0;2019;11;0;5;3;0;7;2;0;0;0;0;0;1;356658,8983;5645193,165;6,959738059;50,94052496;1
253407;5;3;15;0;2019;11;13;5;3;0;1;0;1;0;0;0;0;0;355545,38;5644460,357;6,944190052;50,93366147;1
253408;5;3;15;0;2019;11;8;5;3;0;1;0;1;0;0;0;0;0;354791,0626;5643779,402;6,933733675;50,92735247;1
253501;5;3;15;0;2019;12;17;4;2;0;5;2;0;1;0;0;0;1;364732,3;5648935,761;7,073189142;50,97611203;0
253502;5;3;15;0;2019;12;9;4;3;5;3;0;1;1;0;0;0;0;355398,1405;5647219,633;6,941000488;50,95842156;0
253503;5;3;15;0;2019;12;17;4;3;6;4;2;0;1;1;0;0;0;356182,7694;5644616,149;6,953193394;50,93522085;0
253504;5;3;15;0;2019;12;19;4;3;5;2;2;1;1;0;0;0;0;356438,522;5644031,868;6,957060932;50,9300337;0
253608;5;3;15;0;2019;12;14;3;3;5;3;0;1;1;0;0;0;0;365187,8716;5642759,278;7,081961297;50,92070754;1
253609;5;3;15;0;2019;12;8;3;3;3;2;0;1;1;0;0;0;0;362164,034;5650587,422;7,036001992;50,99034692;1
253610;5;3;15;0;2019;12;16;3;3;6;4;0;1;0;1;0;0;0;357750,034;5647855,743;6,97421807;50,96472364;0
253611;5;3;15;0;2019;12;14;3;3;1;7;0;1;1;0;0;0;0;353989,3013;5644730,434;6,921951956;50,93569673;0
253677;5;3;15;0;2019;12;7;2;3;5;3;2;1;1;0;0;0;0;364056,3927;5639147,565;7,067217928;50,88798171;1
253679;5;3;15;0;2019;12;14;2;3;6;2;0;0;1;1;0;0;0;363233,439;5638721,898;7,055684048;50,88396178;1
253680;5;3;15;0;2019;12;8;2;3;6;4;0;0;1;1;0;0;0;363928,1918;5640148,329;7,065023561;50,89694592;0
253681;5;3;15;0;2019;12;17;2;2;5;3;2;1;1;0;0;0;0;356100,378;5650125,782;6,949842897;50,98471429;1
253682;5;3;15;0;2019;12;16;2;3;1;2;1;0;1;0;0;0;1;353165,7924;5645810,809;6,909804515;50,94519654;1
253683;5;3;15;0;2019;12;9;2;3;0;1;0;1;0;0;0;0;0;354774,0048;5642780,05;6,933889094;50,91836723;1
253684;5;3;15;0;2019;12;16;2;3;5;3;1;1;1;0;0;0;0;355545,4958;5641069,116;6,945534697;50,90318497;1
253685;5;3;15;0;2019;12;19;2;3;5;3;2;0;1;0;1;0;0;354414,0749;5643478,607;6,928493135;50,92455429;1
253686;5;3;15;0;2019;12;15;2;3;5;2;0;1;1;0;0;0;0;355202,5902;5643158,432;6,939832086;50,92187538;1
253688;5;3;15;0;2019;12;19;2;3;2;6;2;0;1;0;0;0;0;356121,5383;5643440,693;6,952786501;50,92464191;1
253689;5;3;15;0;2019;12;12;2;3;0;2;0;0;1;0;0;0;1;356866,269;5644599,433;6,962920936;50,93524066;0
253738;5;3;15;0;2019;12;16;1;3;5;2;2;0;1;0;0;0;0;361864,2491;5648994,808;7,032338467;50,97596188;1
253739;5;3;15;0;2019;12;16;1;3;0;1;0;0;0;0;0;0;1;354975,7074;5643911,13;6,936306872;50,92858273;1
253740;5;3;15;0;2019;12;17;2;3;6;7;2;0;1;1;0;0;0;356392,5905;5644340,056;6,956286329;50,93279192;1
253766;5;3;15;0;2019;12;17;7;3;0;7;2;0;1;1;0;0;0;360120,8517;5647875,262;7,007951373;50,96547958;0
253767;5;3;15;0;2019;12;11;7;2;5;3;0;1;1;0;0;0;0;354428,7414;5641654;6,929429755;50,9081607;1
253768;5;3;15;0;2019;12;14;7;3;0;1;0;1;1;0;0;0;0;355658,7276;5644452,065;6,945805337;50,93361533;0
253769;5;3;15;0;2019;12;21;7;3;3;2;2;1;1;0;0;0;0;355035,4695;5644668,618;6,936855425;50,93540512;0
253770;5;3;15;0;2019;12;22;7;3;6;7;2;0;1;1;0;0;0;356190,8552;5644963,078;6,953171472;50,93834066;0
253771;5;3;15;0;2019;12;14;7;3;5;2;0;1;1;0;0;0;0;355765,974;5645271,143;6,947006343;50,94100306;0
253772;5;3;15;0;2019;12;14;7;3;5;3;0;0;1;0;1;0;0;355811,4009;5645814,353;6,947437461;50,94589615;0
253773;5;3;15;0;2019;12;12;7;3;6;4;0;1;0;1;0;0;0;356628,1108;5645121,133;6,959328485;50,93986996;0
253774;5;3;15;0;2019;12;1;7;3;0;7;2;0;0;0;0;0;1;356594,5117;5645041,578;6,958881895;50,93914665;1
253797;5;3;15;0;2019;12;6;2;3;0;6;2;0;0;0;1;0;1;360053,219;5636838,319;7,011222714;50,86627198;0
253836;5;3;15;0;2019;12;6;6;3;0;1;2;1;0;0;0;0;0;358833,4455;5640831,766;6,992357409;50,90186515;2
253837;5;3;15;0;2019;12;17;6;3;2;6;2;0;1;0;0;0;0;360781,778;5645954,131;7,018092576;50,94837413;1
253838;5;3;15;0;2019;12;12;6;3;6;4;0;0;0;1;0;0;1;364702,4884;5648986,211;7,072745975;50,97655844;1
253839;5;3;15;0;2019;12;6;6;3;0;1;2;1;0;0;0;0;0;359091,426;5651189,945;6,992015699;50,99501779;1
253840;5;3;15;0;2019;12;5;6;3;8;1;2;0;1;0;0;0;0;351865,226;5653402,899;6,888210341;51,0130896;0
253841;5;3;15;0;2019;12;9;6;3;5;3;0;0;1;0;0;0;1;356520,5398;5652615,615;6,9548412;51,00719473;1
253842;5;3;15;0;2019;12;8;6;3;0;1;1;1;0;0;0;0;0;354110,9694;5647186,896;6,922698285;50,95780292;1
253843;5;3;15;0;2019;12;10;6;2;6;4;0;0;1;1;0;0;0;360688,94;5637290,127;7,020079076;50,87048607;1
253845;5;3;15;0;2019;12;7;6;3;0;1;2;1;0;0;0;0;0;359729,5815;5639617,693;7,005560089;50,89117244;2
253846;5;3;15;0;2019;12;6;6;2;0;1;2;1;0;0;0;0;0;359769,9842;5638975,076;7,00638081;50,8854069;2
253847;5;3;15;0;2019;12;16;6;3;1;5;1;0;0;0;0;0;1;357154,9484;5642074,359;6,968015807;50,91261951;1
253848;5;3;15;0;2019;12;15;6;3;0;1;0;1;0;0;0;0;0;353731,3069;5643132,899;6,918923692;50,92127482;1
253849;5;3;15;0;2019;12;16;6;3;5;7;1;0;1;0;0;0;1;355933,8587;5645478,132;6,949312476;50,94290521;1
253850;5;3;15;0;2019;12;16;2;3;0;5;1;1;1;0;0;0;0;354875,8391;5644735,988;6,934558303;50,93597041;1
253851;5;3;15;0;2019;12;8;6;3;5;3;0;1;1;0;0;0;0;356791,7049;5642764,484;6,962581218;50,9187316;1
253852;5;3;15;0;2019;12;6;6;3;0;1;2;1;0;0;0;0;0;356433,2562;5644066,584;6,956972376;50,93034437;1
253853;5;3;15;0;2019;12;6;6;3;0;1;2;1;0;0;0;0;0;356424,284;5644122,947;6,956822583;50,93084867;2
253854;5;3;15;0;2019;12;7;6;3;0;1;2;1;0;0;0;0;0;356427,989;5644101,31;6,956883794;50,93065514;2
253903;5;3;15;0;2019;12;9;2;3;5;3;0;1;1;0;0;0;0;356800,059;5645345,622;6,961685996;50,94193015;1
253931;5;3;15;0;2019;12;8;5;3;1;6;0;0;1;0;0;0;0;359024,4845;5644982,036;6,993468335;50,93921076;0
253932;5;3;15;0;2019;12;17;5;3;5;3;2;1;1;0;0;0;0;357354,3082;5647885,115;6,968574805;50,96488975;0
253933;5;3;15;0;2019;12;8;5;3;0;1;0;1;0;0;0;0;0;355717,028;5647566,852;6,945400362;50,96162188;1
253934;5;3;15;0;2019;12;8;5;3;5;3;0;1;1;0;0;0;0;356137,508;5648877,379;6,950865606;50,97350446;0
253935;5;3;15;0;2019;12;7;5;3;3;6;2;1;1;0;0;0;0;356021,617;5646888,231;6,950003235;50,95559944;0
253936;5;3;15;0;2019;12;16;5;3;2;6;0;0;1;0;0;0;0;351621,1717;5653189,46;6,884820957;51,01110865;0
253937;5;3;15;0;2019;12;15;5;3;0;7;0;0;0;1;0;0;1;355611,3808;5649095,584;6,943290111;50,97533374;0
253938;5;3;15;0;2019;12;15;5;3;5;2;0;1;1;0;0;0;0;355168,2003;5647132,147;6,937763429;50,9575776;0
253939;5;3;15;0;2019;12;17;5;3;1;3;2;0;1;1;0;0;0;352087,5393;5647112,21;6,893937858;50,95661595;0
253940;5;3;15;0;2019;12;7;5;3;6;2;2;0;1;1;0;0;0;353926,369;5636870,4;6,924201293;50,86504472;0
253941;5;3;15;0;2019;12;22;5;2;0;7;2;1;0;0;0;0;0;355992,9697;5643028,291;6,951121231;50,92090363;0
253943;5;3;15;0;2019;12;18;5;3;6;6;2;1;0;1;0;0;0;356447,649;5645870,957;6,956466135;50,94656362;0
253960;5;3;15;0;2019;12;15;2;3;5;3;1;1;0;0;1;0;0;360800,9757;5637375,171;7,021637971;50,87127737;1
253989;5;3;15;0;2019;12;20;4;3;6;4;2;0;0;1;1;0;0;363235,015;5638291,203;7,055867592;50,88009128;1
253990;5;3;15;0;2019;12;13;4;3;2;6;0;0;1;0;0;0;0;364682,522;5638365,801;7,076404023;50,88110253;1
253991;5;3;15;0;2019;12;9;4;3;6;4;0;0;1;1;0;0;0;362404,2027;5647019,217;7,040772277;50,95833594;1
253992;5;3;15;0;2019;12;15;4;3;6;2;0;0;1;1;0;0;0;352385,6097;5653140,453;6,895730274;51,01086495;1
253993;5;3;15;0;2019;12;22;4;2;7;1;2;1;0;0;0;0;0;355335,1568;5643790,38;6,941466214;50,92758783;1
254096;5;3;15;0;2019;12;12;3;3;6;4;0;0;1;1;0;0;0;362316,7045;5648052,68;7,039136083;50,96760308;0
254097;5;3;15;0;2019;12;8;3;3;2;6;0;0;1;0;0;0;1;358121,9714;5645255,723;6,98052461;50,94144903;1
254098;5;3;15;0;2019;12;16;3;3;1;5;1;1;1;0;0;0;0;355210,8017;5647481,773;6,938230501;50,9607303;0
254099;5;3;15;0;2019;12;19;3;3;0;7;2;1;0;0;0;0;0;356595,7474;5647333,196;6,957996945;50,95974142;0
254100;5;3;15;0;2019;12;16;3;3;5;3;0;1;1;0;0;0;0;353619,5597;5653513,721;6,913157316;51,0145347;0
254101;5;3;15;0;2019;12;16;3;3;2;2;1;1;1;0;0;0;0;357284,4031;5642155,064;6,96982451;50,91337683;1
254102;5;3;15;0;2019;12;12;3;3;0;7;0;0;0;0;0;0;1;356329,4946;5641104,336;6,956663451;50,90369711;0
254218;5;3;15;0;2019;12;14;2;3;1;5;0;0;1;0;0;0;0;359411,7241;5644934,113;6,998994884;50,93887461;0
254219;5;3;15;0;2019;12;18;2;2;6;4;2;0;1;1;0;0;0;362997,2606;5645189,169;7,049900199;50,94202995;1
254220;5;3;15;0;2019;12;15;2;3;3;6;0;0;1;0;0;1;0;357361,7721;5649687,379;6,967974069;50,98108834;1
254221;5;3;15;0;2019;12;8;2;3;1;6;0;0;1;0;0;1;0;355308,9537;5648457,479;6,939239135;50,96952337;0
254223;5;3;15;0;2019;12;17;2;3;5;3;2;1;1;0;0;0;0;351545,1203;5650172,564;6,884970998;50,98397809;1
254224;5;3;15;0;2019;12;19;2;3;0;1;2;0;0;0;1;0;0;354175,9911;5646594,002;6,923860994;50,95249125;1
254225;5;3;15;0;2019;12;12;2;3;6;4;0;0;1;1;0;0;0;355056,3542;5647071,994;6,93619593;50,9570089;1
254231;5;3;15;0;2019;12;11;2;3;0;7;0;1;1;0;0;0;0;363660,1311;5638887,501;7,061684541;50,88555099;1
254232;5;3;15;0;2019;12;17;2;2;6;4;2;0;1;1;0;0;0;362084,6295;5649655,014;7,035225192;50,98194813;1
254234;5;3;15;0;2019;12;12;2;3;3;6;0;1;0;0;0;0;1;355373,8284;5648222,435;6,940255932;50,96742738;1
254235;5;3;15;0;2019;12;18;2;3;5;2;2;1;1;0;0;0;0;357091,1827;5648932,545;6,964418582;50,97423766;1
254236;5;3;15;0;2019;12;8;2;2;0;4;1;0;1;1;0;0;0;354673,0117;5648404,665;6,930209146;50,96888865;0
254237;5;3;15;0;2019;12;8;2;2;1;6;0;0;1;0;1;0;0;353693,7881;5648410,354;6,916270291;50,96869189;1
254286;5;3;15;0;2019;12;16;1;3;1;6;2;0;1;0;0;0;0;353229,419;5643518,922;6,911632649;50,92461643;0
254287;5;3;15;0;2019;12;16;1;2;4;1;0;1;1;0;0;0;0;355255,0187;5642045,705;6,941019028;50,91188866;1
254288;5;3;15;0;2019;12;4;1;3;5;7;2;1;1;0;0;0;0;355090,131;5644995,011;6,93750303;50,93835208;1
254324;5;3;15;0;2019;12;17;7;3;5;2;2;0;1;0;0;0;0;356335,5951;5641115,71;6,956745679;50,90380085;1
254325;5;3;15;0;2019;12;15;7;3;4;6;0;1;1;0;0;0;0;352586,7395;5643204,847;6,902621596;50,92163011;0
254374;5;3;15;0;2019;12;18;6;2;6;2;2;0;1;1;0;0;0;358982,8075;5645190,548;6,992794817;50,94107448;1
254375;5;3;15;0;2019;12;18;6;3;2;6;2;0;1;0;0;0;0;357533,319;5644041,958;6,972625934;50,93039582;1
254377;5;3;15;0;2019;12;17;6;3;6;4;2;0;1;1;0;0;0;360379,599;5647037,709;7,011955258;50,95801514;1
254378;5;3;15;0;2019;12;14;6;3;5;3;0;0;1;0;0;0;0;357388,879;5649815,854;6,968309563;50,98224964;1
254379;5;3;15;0;2019;12;8;6;2;6;4;0;0;0;1;0;0;1;358060,109;5641007,948;6,981297953;50,90325892;1
254380;5;3;15;0;2019;12;8;6;3;5;3;1;1;1;0;0;0;0;359577,0889;5636698,845;7,004514361;50,86490303;1
254381;5;3;15;0;2019;12;22;6;3;5;2;2;0;1;1;0;0;0;354358,3431;5643037,423;6,92787689;50,92057542;1
254469;5;3;15;0;2019;12;9;5;3;5;7;0;0;1;0;0;0;0;362958,841;5639754,736;7,051395308;50,89317931;1
254470;5;3;15;0;2019;12;18;5;3;6;4;2;0;1;1;0;0;0;358172,207;5644798,77;6,981417069;50,93735475;1
254472;5;3;15;0;2019;12;14;5;2;5;3;0;1;0;0;0;0;1;350280,1023;5644451,256;6,869315268;50,93223692;0
254473;5;3;15;0;2019;12;22;5;2;0;7;2;1;0;0;0;0;0;352336,0284;5646121,376;6,897875318;50,94777553;0
254474;5;3;15;0;2019;12;15;5;3;1;6;0;0;1;0;0;0;0;354900,5596;5646982,935;6,934014668;50,95616935;0
254475;5;3;15;0;2019;12;12;5;3;0;7;0;0;0;0;0;0;1;353986,825;5639364,939;6,924063663;50,88747788;0
254476;5;3;15;0;2019;12;12;5;2;0;1;0;1;0;0;0;0;0;352763,6105;5643385,929;6,905063186;50,92330259;1
254537;5;3;15;0;2019;12;11;5;3;3;6;0;1;1;0;0;0;0;359559,0543;5644288,845;7,001339173;50,93311141;0
254538;5;3;15;0;2019;12;6;5;3;9;1;2;0;1;0;0;0;0;355173,855;5654719,322;6,934818867;51,0257625;0
254539;5;3;15;0;2019;12;15;5;3;0;3;0;0;1;0;1;0;0;353767,5688;5657723,038;6,913567276;51,05239932;1
254540;5;3;15;0;2019;12;12;5;3;5;3;0;0;1;0;1;0;0;348251,833;5647861,233;6,839051563;50,96234955;1
254541;5;3;15;0;2019;12;13;5;3;6;2;0;0;1;1;0;0;0;359069,55;5639180,188;6,99635028;50,88707984;0
254542;5;3;15;0;2019;12;9;5;3;1;7;0;1;1;0;0;0;0;356688,3575;5643824,314;6,960695379;50,92823055;0
254543;5;3;15;0;2019;12;16;6;3;6;4;0;0;1;1;0;0;0;357149,878;5648130,307;6,965569181;50,96704261;0
254544;5;3;15;0;2019;12;20;5;3;5;3;2;1;1;0;0;0;0;356231,258;5644232,723;6,954034267;50,93178713;0
254545;5;3;15;0;2019;12;18;5;3;3;2;2;0;1;0;1;0;0;356065,5668;5643246,825;6,952067161;50,92288568;0
254546;5;3;15;0;2019;12;4;5;3;6;4;2;0;1;1;0;0;0;355703,3971;5644453,109;6,946440202;50,93363589;1
254547;5;3;15;0;2019;12;15;5;3;1;5;2;0;1;1;0;0;0;356722,3743;5642762,056;6,961596476;50,91869258;0
254562;5;3;15;0;2019;12;12;6;3;5;2;0;1;1;0;0;0;0;350357,6238;5644785,742;6,870280333;50,93526286;0
254565;5;3;15;0;2019;12;12;6;1;1;1;0;0;1;0;0;0;0;357263,374;5636147,285;6,971872189;50,85937953;0
254569;5;3;15;0;2019;12;9;6;2;5;3;0;1;1;0;0;0;0;354361,0083;5643958,846;6,927546758;50,92885667;0
254578;5;3;15;0;2019;12;3;6;3;6;4;2;0;1;1;0;0;0;356687,4249;5644900,31;6,960259017;50,93790019;0
254587;5;3;15;0;2019;12;23;6;3;0;7;2;0;1;1;0;0;0;356839,935;5644765,575;6,962481132;50,93672723;0
254630;5;3;15;0;2019;12;15;4;3;8;1;0;0;1;0;0;0;0;364940,5082;5643275,893;7,078252712;50,9252928;0
254631;5;3;15;0;2019;12;14;4;3;6;4;0;0;1;1;0;0;0;359880,476;5646278,189;7,005145245;50,95106809;1
254633;5;3;15;0;2019;12;12;4;3;2;6;0;1;1;0;0;0;0;360452,2811;5636946,687;7,016848796;50,86734237;0
254634;5;3;15;0;2019;12;15;4;3;6;2;0;0;1;1;0;0;0;355544,4618;5641342,481;6,94541183;50,9056414;0
254636;5;3;15;0;2019;12;20;4;3;0;1;2;1;0;0;0;0;0;355258,9654;5642305,164;6,940972207;50,91422136;0
254637;5;3;15;0;2019;12;6;4;3;0;1;2;1;0;0;0;0;0;355414,8623;5644289,012;6,942401839;50,93208892;1
254638;5;3;15;0;2019;12;13;4;3;3;2;0;1;1;0;0;0;0;356438,7053;5644030,043;6,957064257;50,93001734;0
254704;5;3;15;0;2019;12;22;3;3;6;2;2;0;1;1;0;0;0;362248,558;5644335,996;7,039572365;50,93418382;1
254705;5;3;15;0;2019;12;19;3;2;6;4;2;0;0;1;0;0;1;361143,9554;5645396,283;7,023457934;50,94344798;0
254706;5;3;15;0;2019;12;13;3;3;9;6;0;0;1;0;0;0;0;363104,528;5642682,199;7,052367639;50,91952428;0
254707;5;3;15;0;2019;12;9;3;3;2;6;0;0;1;0;0;0;0;362535,1334;5648513,635;7,042070743;50,97179797;0
254708;5;3;15;0;2019;12;16;3;3;0;1;0;1;0;0;0;0;0;361051,9235;5647811,72;7,021226748;50,96513383;0
254710;5;3;15;0;2019;12;14;3;3;0;1;0;0;0;0;1;0;0;360546,9421;5648207,971;7,013887959;50,96857298;0
254711;5;3;15;0;2019;12;21;3;3;5;3;2;1;1;0;0;0;0;356347,81;5647351,448;6,954461642;50,95984369;1
254712;5;3;15;0;2019;12;15;3;3;5;2;0;1;1;0;0;0;0;355807,7385;5648742,065;6,946225348;50,97220595;0
254713;5;3;15;0;2019;12;15;3;3;6;4;0;0;1;1;0;0;0;347939,9441;5647768,533;6,834652281;50,9614343;0
254714;5;3;15;0;2019;12;9;3;3;6;4;0;0;1;1;0;0;0;353967,6918;5644830,074;6,921604692;50,93658669;0
254715;5;3;15;0;2019;12;23;3;2;5;2;2;0;1;0;0;0;0;353023,907;5645826,275;6,907779964;50,94529937;1
254716;5;3;15;0;2019;12;13;3;3;0;6;0;1;1;0;0;0;0;356477,1589;5646119,208;6,956788095;50,94880197;0
254718;5;3;15;0;2019;12;1;3;3;9;7;2;0;0;0;0;0;1;357013,0162;5643483,509;6,965445768;50,92524832;1
254719;5;3;15;0;2019;12;11;3;2;5;7;0;0;0;0;1;1;0;356502,8799;5645337,65;6,957461947;50,94178462;0
254775;5;3;15;0;2019;12;10;6;3;2;6;0;0;1;0;0;0;0;366679,2733;5638696,089;7,104651503;50,88453526;1
254776;5;3;15;0;2019;12;21;6;3;8;7;2;0;1;0;0;0;0;353126,6312;5645396,743;6,90941441;50,94146552;0
254777;5;3;15;0;2019;12;11;6;3;0;7;0;1;0;0;0;0;0;356562,1091;5641222,366;6,959923163;50,90481568;0
254778;5;3;15;0;2019;12;11;6;3;0;1;0;0;0;0;1;0;0;356034,0301;5643162,822;6,951651918;50,92212289;1
254844;5;3;15;0;2019;12;23;3;3;5;3;2;0;1;0;0;0;0;366521,282;5635232,17;7,103670753;50,85336587;1
254845;5;3;15;0;2019;12;11;3;2;0;7;0;0;0;0;1;0;1;356006,7058;5647754,749;6,949448207;50,96338293;1
254846;5;3;15;0;2019;12;9;3;3;0;1;0;1;0;0;0;0;0;353855,0712;5643197,111;6,92065761;50,92188324;1
254887;5;3;15;0;2019;12;11;2;3;0;3;0;0;1;0;1;0;0;359874,7256;5643633,287;7,006080687;50,92729659;0
254889;5;3;15;0;2019;12;14;2;3;6;4;0;0;1;1;0;0;0;361510,339;5640454,108;7,030546624;50,8991193;1
254890;5;3;15;0;2019;12;18;2;3;5;3;2;1;1;0;0;0;0;356319,273;5647782,29;6,953885437;50,96370848;1
254891;5;3;15;0;2019;12;9;2;3;0;1;0;1;0;0;0;0;0;353756,8575;5647432,582;6,917560944;50,95992106;0
254892;5;3;15;0;2019;12;22;2;3;6;7;2;0;1;1;0;0;0;350499,9107;5649360,156;6,870425056;50,97640707;1
254893;5;3;15;0;2019;12;16;2;2;6;7;0;1;0;1;0;0;0;356212,4152;5641899,592;6,954686152;50,91081486;1
254894;5;3;15;0;2019;12;19;2;3;0;1;2;1;0;0;0;0;0;353581,5111;5643072,604;6,916818144;50,92069498;0
254895;5;3;15;0;2019;12;16;2;3;6;4;2;0;0;1;1;0;0;356393,2593;5644450,524;6,956252313;50,93378484;1
254943;5;3;15;0;2019;12;20;1;3;6;2;2;0;1;1;0;0;0;366284,908;5635851,63;7,100088282;50,85887884;1
254944;5;3;15;0;2019;12;16;1;3;6;4;2;0;1;1;0;0;0;360874,5081;5644853,848;7,0198321;50,93850804;1
254945;5;3;15;0;2019;12;14;1;2;6;4;0;0;1;1;0;0;0;359553,9253;5644397,605;7,001224315;50,93408761;0
254946;5;3;15;0;2019;12;3;1;2;6;4;2;0;1;1;0;0;0;354527,2241;5644204,954;6,929812154;50,93111032;1
254968;5;3;15;0;2019;12;18;7;3;2;6;2;0;1;0;0;0;0;359049,7235;5644865,1;6,993872568;50,93816601;0
254969;5;3;15;0;2019;12;16;7;3;6;7;2;0;1;1;0;0;0;349859,258;5649418,771;6,861281768;50,97676713;0
254970;5;3;15;0;2019;12;11;7;2;3;2;0;0;0;0;1;0;0;353049,8919;5640693,476;6,910217845;50,89917945;0
254971;5;3;15;0;2019;12;13;7;3;2;7;0;0;1;0;0;0;1;355756,9058;5644601,609;6,947142413;50,93498381;0
254972;5;3;15;0;2019;12;16;7;3;1;3;1;0;1;0;0;0;0;356839,153;5645348,567;6,962240927;50,94196632;0
254973;5;3;15;0;2019;12;23;7;3;5;2;2;0;1;0;0;0;0;356018,534;5645735,526;6,9504152;50,94523952;1
255137;5;3;15;0;2019;12;16;3;3;5;3;1;0;1;0;0;0;0;362715,745;5636913,253;7,049007965;50,86758385;0
255138;5;3;15;0;2019;12;22;3;3;6;4;2;0;0;1;0;0;1;350154,3145;5650167,468;6,865173006;50,98357199;0
255139;5;3;15;0;2019;12;17;3;3;6;2;2;0;1;1;0;0;0;356267,7531;5646103,565;6,953815169;50,94860922;0
255169;5;3;15;0;2019;12;18;2;3;6;4;2;0;1;1;0;0;0;360180,8171;5647045,767;7,009123548;50,95803935;0
255170;5;3;15;0;2019;12;15;2;3;5;3;0;0;1;0;0;0;0;356825,5991;5649235,912;6,960518728;50,976898;0
255171;5;3;15;0;2019;12;15;2;3;0;3;0;0;1;0;1;0;0;360509,797;5637978,425;7,017272139;50,87662881;0
255172;5;3;15;0;2019;12;16;2;3;2;6;1;0;1;0;0;0;1;355027,8413;5645378,722;6,936464387;50,94178474;0
255173;5;3;15;0;2019;12;13;2;3;0;5;0;0;1;0;0;0;1;356269,4537;5644633,875;6,954419253;50,93540176;0
255174;5;3;15;0;2019;12;10;2;3;0;2;0;0;1;0;0;0;1;356656,0652;5644534,456;6,959956901;50,93460451;0
255204;5;3;15;0;2019;12;15;1;3;0;1;0;0;0;0;1;0;0;356647,3682;5647666,723;6,958600101;50,96275163;0
255233;5;3;15;0;2019;12;3;7;3;0;1;2;0;0;0;0;0;1;357772,4455;5644658,454;6,97578597;50,93599528;0
255235;5;3;15;0;2019;12;8;7;3;3;5;0;1;1;0;0;0;0;357143,9651;5648715,461;6,965255188;50,97229984;1
255237;5;3;15;0;2019;12;11;7;3;4;2;0;1;1;0;0;0;0;349158,1955;5645593,91;6,852888173;50,94221282;0
255238;5;3;15;0;2019;12;16;7;2;5;3;0;1;1;0;0;0;0;352418,5212;5643722,127;6,900020572;50,92623569;0
255240;5;3;15;0;2019;12;2;7;3;0;1;2;1;0;0;0;0;0;354976,6825;5643911,974;6,936320403;50,92859056;0
255241;5;3;15;0;2019;12;19;7;3;6;4;2;0;1;1;0;0;0;355636,7328;5645029,653;6,94526371;50,93880049;0